-- MySQL dump 10.13  Distrib 5.5.20, for Win32 (x86)
--
-- Host: localhost    Database: ambiente
-- ------------------------------------------------------
-- Server version	5.5.20

/*!40101 SET @OLD_CHARACTER_SET_CLIENT=@@CHARACTER_SET_CLIENT */;
/*!40101 SET @OLD_CHARACTER_SET_RESULTS=@@CHARACTER_SET_RESULTS */;
/*!40101 SET @OLD_COLLATION_CONNECTION=@@COLLATION_CONNECTION */;
/*!40101 SET NAMES utf8 */;
/*!40103 SET @OLD_TIME_ZONE=@@TIME_ZONE */;
/*!40103 SET TIME_ZONE='+00:00' */;
/*!40014 SET @OLD_UNIQUE_CHECKS=@@UNIQUE_CHECKS, UNIQUE_CHECKS=0 */;
/*!40014 SET @OLD_FOREIGN_KEY_CHECKS=@@FOREIGN_KEY_CHECKS, FOREIGN_KEY_CHECKS=0 */;
/*!40101 SET @OLD_SQL_MODE=@@SQL_MODE, SQL_MODE='NO_AUTO_VALUE_ON_ZERO' */;
/*!40111 SET @OLD_SQL_NOTES=@@SQL_NOTES, SQL_NOTES=0 */;

--
-- Current Database: `ambiente`
--

CREATE DATABASE /*!32312 IF NOT EXISTS*/ `ambiente` /*!40100 DEFAULT CHARACTER SET latin1 */;

USE `ambiente`;

--
-- Table structure for table `cliente`
--

DROP TABLE IF EXISTS `cliente`;
/*!40101 SET @saved_cs_client     = @@character_set_client */;
/*!40101 SET character_set_client = utf8 */;
CREATE TABLE `cliente` (
  `cli_codigo` int(10) unsigned NOT NULL AUTO_INCREMENT,
  `cli_nomape` varchar(50) DEFAULT NULL,
  `cli_domici` varchar(50) DEFAULT NULL,
  `cli_telefo` varchar(30) DEFAULT NULL,
  PRIMARY KEY (`cli_codigo`)
) ENGINE=InnoDB AUTO_INCREMENT=21 DEFAULT CHARSET=latin1;
/*!40101 SET character_set_client = @saved_cs_client */;

--
-- Dumping data for table `cliente`
--

LOCK TABLES `cliente` WRITE;
/*!40000 ALTER TABLE `cliente` DISABLE KEYS */;
INSERT INTO `cliente` VALUES (1,'PEPE NESTOSA',' ',' '),(2,'ADOLFO MARTINEZ',' ',' '),(3,'MARY PAREDES',' ',' '),(4,'RAMON SARABIA',' ',' '),(5,'SILVIA LOPEZ',' ',' '),(6,'CAPILLA INMACULADA',' ',' '),(7,'MARCELA CALIGARIS',' ',' '),(8,'BABY BERNAL',' ',' '),(9,'MARIA DEL HUERTO (TIA MARIA)',' ',' '),(10,'NESTOR COSTADONI',' ',' '),(11,'ANDREA ROJAS',' ',' '),(12,'EVER JARA',' ',' '),(13,'MIGUEL VIDAL',' ',' '),(14,'MAXI BERNAL',' ',' '),(15,'ERNESTO VERAGUA',' ',' '),(16,'RUBI BERNAL','SARMIENTO Y BS AS','431250'),(17,'CAPILLA INMACULADA',' ',' '),(18,'VIVI SARABIA',' ',' '),(19,'CANCHA LIBERTAD',' ',' '),(20,'CANCHA LIBERTAD',' ',' ');
/*!40000 ALTER TABLE `cliente` ENABLE KEYS */;
UNLOCK TABLES;

--
-- Table structure for table `cobros`
--

DROP TABLE IF EXISTS `cobros`;
/*!40101 SET @saved_cs_client     = @@character_set_client */;
/*!40101 SET character_set_client = utf8 */;
CREATE TABLE `cobros` (
  `cob_codigo` int(10) unsigned NOT NULL AUTO_INCREMENT,
  `usu_codigo` int(10) unsigned NOT NULL,
  `obr_codigo` int(10) unsigned NOT NULL,
  `cob_horfec` datetime DEFAULT NULL,
  `cob_monto` float(10,2) DEFAULT NULL,
  `cob_estado` varchar(15) DEFAULT 'ACTIVO',
  `cob_numletra` varchar(254) DEFAULT NULL,
  `cob_observ` varchar(254) DEFAULT NULL,
  `cob_fecrec` date DEFAULT NULL,
  PRIMARY KEY (`cob_codigo`),
  KEY `cobros_FKIndex1` (`obr_codigo`),
  KEY `cobros_FKIndex2` (`usu_codigo`),
  CONSTRAINT `cobros_ibfk_1` FOREIGN KEY (`obr_codigo`) REFERENCES `obras` (`obr_codigo`) ON DELETE NO ACTION ON UPDATE NO ACTION,
  CONSTRAINT `cobros_ibfk_2` FOREIGN KEY (`usu_codigo`) REFERENCES `usuarios` (`usu_codigo`) ON DELETE NO ACTION ON UPDATE NO ACTION
) ENGINE=InnoDB AUTO_INCREMENT=49 DEFAULT CHARSET=latin1;
/*!40101 SET character_set_client = @saved_cs_client */;

--
-- Dumping data for table `cobros`
--

LOCK TABLES `cobros` WRITE;
/*!40000 ALTER TABLE `cobros` DISABLE KEYS */;
INSERT INTO `cobros` VALUES (1,1,14,'2014-04-09 16:11:51',19860.00,'ACTIVO','DIECINUEVEMIL OCHOCIENTOS SESENTA PESOS',NULL,NULL),(2,1,13,'2014-04-09 16:15:17',2000.00,'ACTIVO','DOS MIL PESOS',NULL,NULL),(3,1,11,'2014-04-09 16:32:25',3000.00,'ACTIVO','TRES MIL PESOS',NULL,NULL),(4,1,8,'2014-04-09 16:42:16',5450.00,'ACTIVO','CINCO MIL CUATROCIENTOS CINCUENTA PESOS',NULL,NULL),(5,1,5,'2014-04-09 16:57:37',15700.00,'ACTIVO','QUINCE MIL SETECIENTOS PESOS',NULL,NULL),(6,1,4,'2014-04-09 17:03:34',35700.00,'ACTIVO','TREINTA Y CINCO MIL SETECIENTOS PESOS',NULL,NULL),(7,1,3,'2014-04-09 17:06:16',17100.00,'ANULADO','DIECISIETEMIL CIENPESOS',NULL,NULL),(8,1,3,'2014-04-09 17:08:30',17000.00,'ACTIVO','DIECISIETEMIL PESOS',NULL,NULL),(9,1,2,'2014-04-09 17:12:51',19200.00,'ACTIVO','DIECINUEVEMIL DOSCIENTOS PESOS',NULL,NULL),(10,1,1,'2014-04-09 17:16:06',301695.59,'ANULADO','TRESCIENTOS UN MIL SEISCIENTOS NOVENTA Y CINCO PESOS CON CINCUENTA Y NUEVE CENTAVOS',NULL,NULL),(11,1,1,'2014-04-09 17:17:22',9500.00,'ACTIVO','NUEVE MIL QUINIENTOS PESOS',NULL,NULL),(12,1,9,'2014-04-09 17:21:12',1700.00,'ACTIVO','MIL SETECIENTOS PESOS',NULL,NULL),(13,1,12,'2014-04-09 18:13:59',500.00,'ANULADO','QUINIENTOS PESOS',NULL,NULL),(14,1,12,'2014-05-27 18:41:18',300.00,'ACTIVO','TRESCIENTOS PESOS','PAGO POR DIRECCION DE OBRA','2014-05-09'),(15,1,12,'2014-05-27 18:41:47',300.00,'ACTIVO','TRESCIENTOS PESOS',' PAGO POR DIRECCION DE OBRA','2014-05-16'),(16,1,12,'2014-05-27 18:42:07',300.00,'ACTIVO','TRESCIENTOS PESOS',' PAGO POR DIRECCION DE OBRA','2014-05-23'),(17,1,10,'2014-04-25 08:13:52',1000.00,'ACTIVO','MIL PESOS',' PAGO POR DIRECCION DE OBRA','2014-05-25'),(18,1,10,'2014-05-04 08:20:12',600.00,'ACTIVO','SEISCIENTOS PESOS',' PAGO POR DIRECCION DE OBRA','2014-05-04'),(19,1,10,'2014-05-09 08:23:06',1000.00,'ACTIVO','MIL PESOS',' PAGO POR DIRECCION DE OBRA','2014-05-09'),(20,1,10,'2014-05-16 08:29:09',1000.00,'ACTIVO','MIL PESOS',' PAGO POR DIRECCION DE OBRA','2014-05-16'),(21,1,10,'2014-05-23 08:30:30',700.00,'ACTIVO','SETECIENTOS PESOS',' PAGO POR DIRECION DE OBRA','2014-05-23'),(22,1,3,'2014-05-23 15:35:02',600.00,'ANULADO','SEISCIENTOS PESOS',' PAGO POR DIRECCION DE OBRA','2014-05-23'),(23,1,4,'2014-05-23 15:38:32',600.00,'ACTIVO','SEISCIENTOS PESOS',' PAGO POR DIRECCION DE OBRA','2014-05-23'),(24,1,8,'2014-05-23 16:14:25',600.00,'ACTIVO','SEISCIENTOS PESOS',' PAGO POR DIRECCION DE OBRA','2014-05-23'),(25,1,11,'2014-05-23 16:18:23',400.00,'ACTIVO','CUATROCIENTOS PESOS',' PAGO POR DIRECCION DE OBRA','2014-05-23'),(26,1,9,'2014-05-23 16:20:35',400.00,'ACTIVO','CUATROCIENTOS PESOS',' PAGO POR DIRECCION DE OBRAS','2014-05-23'),(27,1,9,'2014-05-23 16:20:54',400.00,'ACTIVO','CUATROCIENTOS PESOS',' PAGO POR DIRECCION DE OBRA','2014-05-23'),(28,1,7,'2014-05-23 16:22:51',250.00,'ACTIVO','DOSCIENTOS CINCUENTA PESOS',' PAGO POR DIRECCION DE OBRA','2014-05-23'),(29,1,17,'2014-05-09 16:25:37',200.00,'ACTIVO','DOSCIENTOS PESOS',' PAGO POR DIRECCION DE OBRA','2014-05-09'),(30,1,17,'2014-05-16 16:26:19',200.00,'ACTIVO','DOSCIENTOS PESOS',' PAGO POR DIRECCION DE OBRA','2014-05-16'),(31,1,17,'2014-05-23 16:31:52',200.00,'ACTIVO','DOSCIENTOS PESOS',' PAGO POR DIRECION DE OBRA','2014-05-23'),(32,1,10,'2014-05-28 17:35:22',1000.00,'ACTIVO','MIL PESOS','PAGO DIRECCION DE OBRA','2014-05-29'),(33,1,7,'2014-05-29 16:13:48',250.00,'ACTIVO','DOSCIENTOS CINCUENTA PESOS',' PAGO POR DIRECCION DE OBRA','2014-05-30'),(34,1,12,'2014-05-29 16:14:37',300.00,'ACTIVO','TRESCIENTOS PESOS',' PAGO POR DIRECCION DE OBRA','2014-05-30'),(35,1,17,'2014-05-29 16:15:06',200.00,'ACTIVO','DOSCIENTOS PESOS',' PAGO POR DIRECCION DE OBRA','2014-05-30'),(36,1,8,'2014-05-29 16:15:35',600.00,'ACTIVO','SEISCIENTOS PESOS',' PAGO POR DIRECCION DE OBRA','2014-05-30'),(37,1,11,'2014-05-29 16:16:52',400.00,'ACTIVO','CUATROCIENTOS PESOS',' PAGO POR DIRECCION DE OBRA','2014-05-30'),(38,1,4,'2014-05-29 16:17:22',600.00,'ACTIVO','SEISCIENTOS PESOS',' PAGO POR DIRECCION DE OBRA','2014-05-30'),(39,1,10,'2014-05-29 16:17:58',825.00,'ACTIVO','OCHOCIENTOS VENTICINCO PESOS',' PAGO POR DIRECCION DE OBRA','2014-05-30'),(40,1,7,'2014-05-09 11:33:56',250.00,'ACTIVO','DOSCIENTOS CINCUENTA PESOS',' PAGO POR DIRECCION DE OBRA','2014-05-09'),(41,1,7,'2014-05-16 11:35:29',250.00,'ACTIVO','DOSCIENTOS CINCUENTA PESOS',' PAGO POR DIRECCION DE OBRA','2014-05-16'),(42,1,4,'2014-06-05 16:40:11',600.00,'ACTIVO','SEISCIENTOS PESOS',' PAGO POR DIRECCION DE OBRA','2014-06-06'),(43,1,7,'2014-06-05 16:40:31',250.00,'ACTIVO','DOSCIENTOS CINCUENTA PESOS',' PAGO POR DIRECCION DE OBRA','2014-06-06'),(44,1,8,'2014-06-05 16:40:53',600.00,'ACTIVO','SEISCIENTOS PESOS',' PAGO POR DIRECCION DE OBRA','2014-06-06'),(45,1,12,'2014-06-05 16:41:11',300.00,'ACTIVO','TRESCIENTOS PESOS',' PAGO POR DIRECCION DE OBRA','2014-06-06'),(46,1,11,'2014-06-05 16:41:29',400.00,'ACTIVO','CUATROCIENTOS PESOS',' PAGO POR DIRECCION DE OBRA','2014-06-06'),(47,1,10,'2014-06-05 16:44:11',800.00,'ACTIVO','OCHOCIENTOS PESOS',' PAGO POR DIRECCION DE OBRA','2014-06-06'),(48,1,17,'2014-06-05 16:44:32',200.00,'ACTIVO','DOSCIENTOS PESOS',' PAGO POR DIRECCION DE OBRA','2014-06-06');
/*!40000 ALTER TABLE `cobros` ENABLE KEYS */;
UNLOCK TABLES;

--
-- Table structure for table `compras`
--

DROP TABLE IF EXISTS `compras`;
/*!40101 SET @saved_cs_client     = @@character_set_client */;
/*!40101 SET character_set_client = utf8 */;
CREATE TABLE `compras` (
  `com_codigo` int(10) unsigned NOT NULL AUTO_INCREMENT,
  `pro_codigo` int(10) unsigned NOT NULL,
  `obr_codigo` int(10) unsigned NOT NULL,
  `usu_codigo` int(10) unsigned NOT NULL,
  `com_fechor` datetime DEFAULT NULL,
  `com_estado` varchar(15) DEFAULT 'ACTIVO',
  PRIMARY KEY (`com_codigo`),
  KEY `compras_FKIndex1` (`usu_codigo`),
  KEY `compras_FKIndex2` (`obr_codigo`),
  KEY `compras_FKIndex3` (`pro_codigo`),
  CONSTRAINT `compras_ibfk_1` FOREIGN KEY (`usu_codigo`) REFERENCES `usuarios` (`usu_codigo`) ON DELETE NO ACTION ON UPDATE NO ACTION,
  CONSTRAINT `compras_ibfk_2` FOREIGN KEY (`obr_codigo`) REFERENCES `obras` (`obr_codigo`) ON DELETE NO ACTION ON UPDATE NO ACTION,
  CONSTRAINT `compras_ibfk_3` FOREIGN KEY (`pro_codigo`) REFERENCES `proveedor` (`pro_codigo`) ON DELETE NO ACTION ON UPDATE NO ACTION
) ENGINE=InnoDB AUTO_INCREMENT=2 DEFAULT CHARSET=latin1;
/*!40101 SET character_set_client = @saved_cs_client */;

--
-- Dumping data for table `compras`
--

LOCK TABLES `compras` WRITE;
/*!40000 ALTER TABLE `compras` DISABLE KEYS */;
INSERT INTO `compras` VALUES (1,2,12,1,'2014-06-10 09:46:09','ANULADO');
/*!40000 ALTER TABLE `compras` ENABLE KEYS */;
UNLOCK TABLES;

--
-- Table structure for table `compras_detalle`
--

DROP TABLE IF EXISTS `compras_detalle`;
/*!40101 SET @saved_cs_client     = @@character_set_client */;
/*!40101 SET character_set_client = utf8 */;
CREATE TABLE `compras_detalle` (
  `com_codigo` int(10) unsigned NOT NULL,
  `ite_codigo` int(10) unsigned NOT NULL,
  `com_cantid` int(10) unsigned DEFAULT NULL,
  PRIMARY KEY (`com_codigo`,`ite_codigo`),
  KEY `compras_has_items_FKIndex1` (`com_codigo`),
  KEY `compras_has_items_FKIndex2` (`ite_codigo`),
  CONSTRAINT `compras_detalle_material_ibfk_1` FOREIGN KEY (`com_codigo`) REFERENCES `compras` (`com_codigo`) ON DELETE NO ACTION ON UPDATE NO ACTION,
  CONSTRAINT `compras_detalle_material_ibfk_2` FOREIGN KEY (`ite_codigo`) REFERENCES `items` (`ite_codigo`) ON DELETE NO ACTION ON UPDATE NO ACTION
) ENGINE=InnoDB DEFAULT CHARSET=latin1;
/*!40101 SET character_set_client = @saved_cs_client */;

--
-- Dumping data for table `compras_detalle`
--

LOCK TABLES `compras_detalle` WRITE;
/*!40000 ALTER TABLE `compras_detalle` DISABLE KEYS */;
INSERT INTO `compras_detalle` VALUES (1,4,100),(1,97,10);
/*!40000 ALTER TABLE `compras_detalle` ENABLE KEYS */;
UNLOCK TABLES;

--
-- Table structure for table `depositos`
--

DROP TABLE IF EXISTS `depositos`;
/*!40101 SET @saved_cs_client     = @@character_set_client */;
/*!40101 SET character_set_client = utf8 */;
CREATE TABLE `depositos` (
  `dep_codigo` int(10) unsigned NOT NULL AUTO_INCREMENT,
  `obr_codigo` int(10) unsigned NOT NULL,
  `usu_codigo` int(10) unsigned NOT NULL,
  `dep_fechor` datetime DEFAULT NULL,
  `dep_monto` int(10) unsigned DEFAULT NULL,
  `dep_estado` varchar(15) DEFAULT 'ACTIVO',
  PRIMARY KEY (`dep_codigo`),
  KEY `depositos_FKIndex1` (`usu_codigo`),
  KEY `depositos_FKIndex2` (`obr_codigo`),
  CONSTRAINT `depositos_ibfk_1` FOREIGN KEY (`usu_codigo`) REFERENCES `usuarios` (`usu_codigo`) ON DELETE NO ACTION ON UPDATE NO ACTION,
  CONSTRAINT `depositos_ibfk_2` FOREIGN KEY (`obr_codigo`) REFERENCES `obras` (`obr_codigo`) ON DELETE NO ACTION ON UPDATE NO ACTION
) ENGINE=InnoDB DEFAULT CHARSET=latin1;
/*!40101 SET character_set_client = @saved_cs_client */;

--
-- Dumping data for table `depositos`
--

LOCK TABLES `depositos` WRITE;
/*!40000 ALTER TABLE `depositos` DISABLE KEYS */;
/*!40000 ALTER TABLE `depositos` ENABLE KEYS */;
UNLOCK TABLES;

--
-- Table structure for table `items`
--

DROP TABLE IF EXISTS `items`;
/*!40101 SET @saved_cs_client     = @@character_set_client */;
/*!40101 SET character_set_client = utf8 */;
CREATE TABLE `items` (
  `ite_codigo` int(10) unsigned NOT NULL AUTO_INCREMENT,
  `uni_precom` int(10) unsigned NOT NULL,
  `uni_codigo` int(10) unsigned NOT NULL,
  `ite_descri` varchar(30) DEFAULT NULL,
  `ite_costo` float(10,2) DEFAULT NULL,
  `ite_medcom` float(10,3) DEFAULT NULL,
  PRIMARY KEY (`ite_codigo`),
  KEY `items_FKIndex1` (`uni_codigo`),
  KEY `items_FKIndex2` (`uni_precom`),
  CONSTRAINT `items_ibfk_1` FOREIGN KEY (`uni_codigo`) REFERENCES `unidades` (`uni_codigo`) ON DELETE NO ACTION ON UPDATE NO ACTION
) ENGINE=InnoDB AUTO_INCREMENT=243 DEFAULT CHARSET=latin1;
/*!40101 SET character_set_client = @saved_cs_client */;

--
-- Dumping data for table `items`
--

LOCK TABLES `items` WRITE;
/*!40000 ALTER TABLE `items` DISABLE KEYS */;
INSERT INTO `items` VALUES (1,15,17,'HIDROFUGO X 20',148.00,1.000),(2,2,2,'ARENA',850.00,6.000),(3,2,7,'CAL',40.00,25.000),(4,4,7,'CEMENTO',80.00,50.000),(5,5,6,'HIERRO DEL 6',39.00,1.000),(6,5,6,'HIERRO DEL 8',63.00,1.000),(7,8,13,'RELLENO',650.00,0.000),(8,2,14,'PIEDRAS',300.00,1.500),(9,5,6,'HIERRO DEL 10',97.00,1.000),(10,7,7,'CLAVOS DE 2\"',28.00,1.000),(11,7,7,'ALAMBRE',28.00,1.000),(12,5,6,'VIGUETA DE 2,00',71.00,1.000),(13,5,6,'VIGUETA DE 3,00',106.00,1.000),(14,5,6,'VIGUETA DE 3,40',120.00,1.000),(15,5,6,'VIGUETA DE 3,75',141.00,1.000),(16,5,6,'VIGUETA DE 4,50',189.00,1.000),(17,5,6,'VIGUETA DE 1,40',50.00,1.000),(18,11,3,'LADRILLO SAP',35.00,1.000),(19,10,3,'MALLA SIMA 0,15 X 0,15 0 6',300.00,1.000),(20,15,17,'HIDROFUGO X 4',37.00,1.000),(21,16,16,'MEMBRANA AUTOADHESIVA',320.00,1.000),(22,15,17,'PINTURA ASFALTICA X 8',240.00,20.000),(23,11,3,'LADRILLOS',1.40,1.000),(24,4,7,'PEGAMENTO',80.00,30.000),(25,7,7,'PASTINA',12.00,1.000),(26,12,3,'PISO DE 30 X 30',80.00,1.000),(27,3,3,'GENERICO',0.00,1.000),(28,5,6,'HIERRO DEL 12',61.00,1.000),(29,22,22,'CABLE TIPO TALLER 2*1/2',9.00,1.000),(30,3,3,'CODO 1\"',4.00,1.000),(31,3,3,'LLAVE DE PASO 3/4 DUKE',0.00,1.000),(32,16,16,'MEMBRANA 4MM',340.00,1.000),(33,15,17,'PINTURA ASAFALTICA X 4',90.00,4.000),(34,15,17,'PINTURA ASFALTICA X 18',0.00,1.000),(35,3,3,'RAMAL Y PVC DE 1110 X 110',0.00,1.000),(36,3,3,'AUTOMATICO PARA TANQUE',0.00,1.000),(37,22,22,'CABLE TIPO TALLER DE 1.5',0.00,1.000),(38,13,3,'TOMA CAPSULADA',30.00,1.000),(39,3,3,'CAJA DE 10 BOCAS',238.00,1.000),(40,3,3,'CAÑO CORRUGADO 7/8 ANTILLAMA',77.00,1.000),(41,3,3,'LLAVE BIPOLAR 32 AMP.',96.00,1.000),(42,3,3,'CAJA 10X10',12.00,1.000),(43,3,3,'CAJA 6 BOCAS METALICA',173.00,1.000),(44,3,3,'CAÑO RIGIGO 7/8',15.00,1.000),(45,3,3,'CAÑO RIGIDO 3/4',5.00,1.000),(46,3,3,'CONECTORES 7/8',5.00,1.000),(47,3,3,'CONECTORES 3/4',2.00,1.000),(48,3,3,'CINTA AISLADORA GDE.',12.00,1.000),(49,3,3,'CAÑO DE 1/2 POLIPROPILENO',0.00,1.000),(50,3,3,'CODO DE 1/2 DE POLIPROPILENO',0.00,1.000),(51,3,3,'CODO DE 3/4 DE POLIPROPILENO',0.00,1.000),(52,3,3,'TEE DE 1/2 PULGADA',0.00,1.000),(53,3,3,'TEE 3/4 POLIPROPILENO',0.00,1.000),(54,3,3,'TEE DE 1PULGADA',0.00,1.000),(55,3,3,'HIERRO DEL 4.2',0.00,1.000),(56,3,3,'HIERRO DEL 16',0.00,1.000),(57,15,17,'HIDROFUGO X 10',83.00,1.000),(58,3,3,'CUPLA DE 1/2 DE POLIPROPILENO',0.00,1.000),(59,3,3,'UNION DOBLE',0.00,1.000),(60,3,3,'LLAVE DE PASO DE 1/2 DUKE',0.00,1.000),(61,3,3,'CINTA TEFLON',0.00,1.000),(62,3,3,'SELLADOR H3 GDE.',0.00,1.000),(63,3,3,'LLAVE DE PASO DE 1/2 C/CAMPANA',0.00,1.000),(64,22,22,'CAÑO K6 3/4',0.00,1.000),(65,22,22,'CAÑO K6 1/2',0.00,1.000),(66,22,22,'CAÑO K6 DE 1\"',0.00,1.000),(67,3,3,'REDUCCION DE 1\" A 3/4 BUJE',0.00,1.000),(68,3,3,'REDUCCION DE 3/4 A 1/2',0.00,1.000),(69,3,3,'ESPIGA CON ROSCA MACHO 3/4',0.00,1.000),(70,3,3,'ESPIGA CON ROSCA MACHO DE 1\"',0.00,1.000),(71,3,3,'ESPIGA CON ROSCA MACHO DE 1/2',0.00,1.000),(72,3,3,'CODO ESPIGA DE 3/4',0.00,1.000),(73,3,3,'CODO ESPIGA DE 1\"',0.00,1.000),(74,3,3,'CODO ESPIGA DE 1/2',0.00,1.000),(75,3,3,'VALVULA DE RETENCION DE 3/4',0.00,1.000),(76,3,3,'VALVULA DE RETENCION DE 1\"',0.00,1.000),(77,3,3,'CAÑO DE 110 PVC',0.00,1.000),(78,3,3,'CODO 45° A 110',0.00,1.000),(79,3,3,'PEGAMENTO X 500 CC',0.00,1.000),(80,3,3,'LADRILLO HUECO',4.50,1.000),(81,3,3,'CAJA OCTOGONAL GDE.',0.00,1.000),(82,15,3,'MEMBRANA LIQUIDA X10',0.00,1.000),(83,15,3,'MEMBRANA LIQUIDA X 4',0.00,1.000),(84,3,3,'DISCO DE CORTE CHICO',17.00,1.000),(85,3,3,'FILTRO PARA REBOQUE',0.00,1.000),(86,3,3,'CAÑO 3/4 POLIPROPILENO',0.00,1.000),(87,3,3,'BUJE REDUCCION DE 1 1/2\" A 1\"',0.00,1.000),(88,3,3,'BUJE REDUCCION 1\" A 3/4',0.00,1.000),(89,3,3,'BUJE REDUCCION DE 3/4 A 1/2\"',0.00,1.000),(90,3,3,'RAMAL Y DE 110 A 60',0.00,1.000),(91,3,3,'RAMAL Y DE 100 X 100',0.00,1.000),(92,3,3,'RAMAL Y DE 100X60',0.00,1.000),(93,3,3,'DISCO DIAMANTADO CHICO',44.00,1.000),(94,3,3,'DISCO DIAMANTADO GRANDE',110.00,1.000),(95,7,7,'PASTINA COLOR GRIS',12.00,1.000),(96,4,4,'GRANITEX',72.00,1.000),(97,8,8,'ARENA X 3 MTRS',460.00,1.000),(98,22,22,'ARENA X MTS',175.00,1.000),(99,8,8,'AREENA X 2 MTS',325.00,1.000),(100,4,4,'PEGAMENTO X 30KG',0.00,1.000),(101,3,3,'CAÑO DE 100 PVC',0.00,1.000),(102,3,3,'CAÑO DE 60 PVC',0.00,1.000),(103,3,3,'CAÑO DE 50 PVC',0.00,1.000),(104,3,3,'CAÑO DE 40 PVC',0.00,1.000),(105,3,3,'CODO DE 110 PVC',0.00,1.000),(106,3,3,'CODO DE 100 PVC',0.00,1.000),(107,3,3,'CODO DE 60 PVC',0.00,1.000),(108,3,3,'CODO DE 50 PVC',0.00,1.000),(109,3,3,'CODO DE 40',0.00,1.000),(110,15,15,'ENDUIDO X 20 LTS',0.00,1.000),(111,3,3,'LIJA DE 80',0.00,1.000),(112,3,3,'TEE PVC 110',0.00,1.000),(113,3,3,'TEE PVC 100',0.00,1.000),(114,3,3,'TEE PVC 60',0.00,1.000),(115,3,3,'TEE PVC 50',0.00,1.000),(116,3,3,'TEE PVC 40',0.00,1.000),(117,3,3,'PILETA DE PATIO 20X20',0.00,1.000),(118,3,3,'PILETA DE PATIO 10X10',0.00,1.000),(119,3,3,'PILETA DE PATIO 15X15',0.00,1.000),(120,3,3,'PEGAMENTO PVC 100',0.00,1.000),(121,3,3,'PEGAMENTO PVC 200',0.00,1.000),(122,3,3,'PEGAMENTO PVC 250',0.00,1.000),(123,3,3,'PEGAMENTO PVC 500',0.00,1.000),(124,3,3,'CAÑO 1\" POLIPROPILENO',0.00,1.000),(125,3,3,'CAÑO 1\" Y 1/2 POLIPROPILENO',0.00,1.000),(126,3,3,'CODO 1\" POLIPROPILENO',0.00,1.000),(127,3,3,'CODO 3/4 POLIPROPILENO',0.00,1.000),(128,3,3,'CODO 1\" Y 1/2 POLIPROPILENO',0.00,1.000),(129,3,3,'TEE POLIPROPILENO 1\"Y 1/2',0.00,1.000),(130,3,3,'TEE POLIPROPILENO 1\"',0.00,1.000),(131,3,3,'TEE POLIPROPILENO 3/4',0.00,1.000),(132,3,3,'TEE POLIPROPILENO 1/2\"',0.00,1.000),(133,3,3,'UNION DOBLE POLIPROPILENO 1\"',0.00,1.000),(134,3,3,'UNION DOBLE POLIPROPILENO 3/4',0.00,1.000),(135,3,3,'UNION DOBLE POLIPROPILENO 1/2',0.00,1.000),(136,3,3,'ENTRE ROSCA 1\"',0.00,1.000),(137,3,3,'ENTRE ROSCA 1\" Y 1/2',0.00,1.000),(138,3,3,'ENTRE ROSCA 3/4',0.00,1.000),(139,3,3,'ENTRE ROSCA 1/2',0.00,1.000),(140,3,3,'CUPLA REDUCCION 1\" Y 1/2 A 1\"',0.00,1.000),(141,3,3,'CUPLA REDUCCION DE 1\" A 3/4',0.00,1.000),(142,3,3,'CUPLA REDUCCION 3/4 A 1/2',0.00,1.000),(143,3,3,'BUJE REDUCCION 1\" Y 1/2 A 1\"',0.00,1.000),(144,3,3,'BUJE DE REDUCCION 1\" A 3/4',0.00,1.000),(145,3,3,'BUJE DE REDUCCION DE 3/4 A 1/2',0.00,1.000),(146,3,3,'CUPLA DE 1\" Y 1/2',0.00,1.000),(147,3,3,'CUPLA DE 1\"',0.00,1.000),(148,3,3,'CUPLA DE 3/4',0.00,1.000),(149,3,3,'CUPLA DE 1/2',0.00,1.000),(150,3,3,'LLAVE DE PASO C/CAMPANA 3/4',0.00,1.000),(151,3,3,'LLAVE DE PASO C/CAMPANA 1/2',0.00,1.000),(152,3,3,'LLAVE DE PASO DUKE 1 1/2',0.00,1.000),(153,3,3,'LLAVE DE PASO DUKE 1\"',0.00,1.000),(154,3,3,'LLAVE DE PASO DUKE 3/4',0.00,1.000),(155,3,3,'LLAVE DE PASO DUKE 1/2',0.00,1.000),(156,3,3,'LLAVE DE PASO BRONCE 3/4',0.00,1.000),(157,3,3,'LLAVE DE PASO BRONCE 1/2',0.00,1.000),(158,3,3,'SELLADOR H3 MEDIANO',0.00,1.000),(159,3,3,'SELLADOR H3 CHICO',0.00,1.000),(160,3,3,'PINTURA ASFALTICA X 1TS',0.00,1.000),(161,3,3,'FLOTANTE P/TANQUE DE 1/2',0.00,1.000),(162,3,3,'FLOTANTE P/TANQUE DE 3/4',0.00,1.000),(163,3,3,'TANQUE FIBROCEMENTO X 1000 LTS',0.00,1.000),(164,3,3,'TANQUE FIBROCEMENTO X 500 LTS',0.00,1.000),(165,3,3,'TANQUE PVC X 1000 LTS',0.00,1.000),(166,3,3,'TANQUE PVC X 500 LTS',0.00,1.000),(167,3,3,'TANQUE PVC X 800LTS',0.00,1.000),(168,3,3,'TANQUE PCV X 650 LTS',0.00,1.000),(169,3,3,'CONEXION P/TANQUE DE 1/2',0.00,1.000),(170,3,3,'CONEXION P/TANQUE DE 3/4',0.00,1.000),(171,3,3,'CONEXION P/TANQUE DE 1\"',0.00,1.000),(172,3,3,'CURVA A 45° DE 110',0.00,1.000),(173,3,3,'CURVA A 45° DE 100',0.00,1.000),(174,3,3,'CURVA A 45° DE 60',0.00,1.000),(175,3,3,'CURVA A 45° DE 50',0.00,1.000),(176,3,3,'CURVA A 45° DE 40',0.00,1.000),(177,3,3,'CURVA A 90° DE 110',0.00,1.000),(178,3,3,'CURVA A 90° DE 100',0.00,1.000),(179,3,3,'CURVA A 90° DE 60',0.00,1.000),(180,3,3,'CURVA A 90° DE 50',0.00,1.000),(181,3,3,'CURVA A 90° DE 40',0.00,1.000),(182,7,7,'PASTINA COLOR CHAMPAGNE',12.00,1.000),(183,7,7,'CLAVO 2\" Y 1/2',28.00,1.000),(184,7,7,'CLAVO  DE 3\"',28.00,1.000),(185,7,7,'CLAVO DE 1\"',30.00,1.000),(186,7,7,'CLAVO DE 1\" Y 1/2',30.00,1.000),(187,3,3,'ENTONADOR COLOR NEGRO',25.00,1.000),(188,3,3,'FIJADOR X 4LTS',128.00,1.000),(189,3,3,'FIJADOR X 10 LTS',230.00,1.000),(190,3,3,'FIJADOR X 20 LTS',369.00,1.000),(191,3,3,'RECTANGULARES',4.25,1.000),(192,3,3,'CAJA DE 4 BOCAS METALICA',149.00,1.000),(193,17,17,'ACIDO MURIATICO',0.00,1.000),(194,3,3,'AGUARRAS',0.00,1.000),(195,3,3,'LLAVE DE PASO 1/2  DUKE ',0.00,1.000),(196,3,3,'SIFON SIMPLE',0.00,1.000),(197,3,3,'SIFON DOBLE',0.00,1.000),(198,3,3,'CANILLA MESADA POR PARED A.F',0.00,1.000),(199,3,3,'CANILLA POR MESADA A.F',0.00,1.000),(200,3,3,'CANILLA POR MESADA MEZCLADORA',0.00,1.000),(201,3,3,'CAJA MONOFASICA P/MEDIDOR',70.00,1.000),(202,3,3,'CAÑO GALVANIZADO DE 1 Y 1/2',270.00,1.000),(203,3,3,'CURVA PVC DE 1 Y 1/2',10.00,1.000),(204,3,3,'TORNILLO TIRAFONDO',0.00,1.000),(205,3,3,'TARUGO Y TORNILLO N°6',0.00,1.000),(206,3,3,'TARUGOS Y TORNILLO N°8',0.00,1.000),(207,3,3,'LLAVE BIPOLAR DE 40',30.00,1.000),(208,3,3,'TIRAFONDO C/CABEZA HEXAGONAL',0.00,1.000),(209,3,3,'TARUGO DEL 12',0.00,1.000),(210,3,3,'RECEPTACULO 10X10',0.00,1.000),(211,3,3,'TAPA CIEGA 10X10',3.00,1.000),(212,3,3,'TAPA CIEGA OCTOGONAL CH.',4.25,1.000),(213,3,3,'LLAVE 2 PTO Y TOMA',36.00,1.000),(214,3,3,'AUTOMATICO P/TANQUE',48.00,1.000),(215,3,3,'TOMA DE 20',36.00,1.000),(216,3,3,'PINCEL N°4',28.00,1.000),(217,3,3,'PINCELETA N°5',38.00,1.000),(218,3,3,'ENDUIDO X1.200KG',40.00,1.000),(219,3,7,'PASTINA COLOR TERRACOTA',12.00,1.000),(220,3,3,'DISCO DIAMANTADO CH.',68.00,1.000),(221,3,3,'LUZ',0.00,1.000),(222,3,3,'CAÑO GALVANIZADO 1-1/4 X 3MTS',120.00,1.000),(223,3,3,'CAÑO GALV 1 1/2 X3MTS',140.00,1.000),(224,3,3,'VENTILADOR DE TECHO IMPERIO',890.00,1.000),(225,3,3,'VENTILADOR DE TECHO WATHSON',0.00,1.000),(226,3,3,'FOTOCONTROL',107.00,1.000),(227,3,7,'PASTINA COLOR PERLATO',13.00,1.000),(228,3,7,'PASTINA COLOR PLOMO',13.00,1.000),(229,3,3,'PORTERO ELECTRICO SICA',365.00,1.000),(230,3,3,'TORTUGA PARA PARED',70.00,1.000),(231,23,23,'PISOS TERRA',148.00,1.000),(232,3,3,'ENTONADOR MARRON',25.00,1.000),(233,3,3,'SOPORTE P/LAVATORIO',31.00,1.000),(234,3,3,'MOTOR GAMMA 1/2 HP',690.00,1.000),(235,3,3,'CAÑO POLIP. AGUA CALIENTE',0.00,1.000),(236,3,3,'REDUCCION 1/2 A 5/8',0.00,1.000),(237,3,3,'CANILLA 1/2 CON PICO MANGUERA',0.00,1.000),(238,3,3,'CANILLA 3/4 CON PICO MANGUERA',0.00,1.000),(239,3,3,'CABLE ROLLO 1 X 4',0.00,1.000),(240,3,3,'CABLE 2 1/2',0.00,1.000),(241,3,3,'CABLE DE 1 1/2',0.00,1.000),(242,3,3,'CABLE BICOLOR P/TIERRA',0.00,1.000);
/*!40000 ALTER TABLE `items` ENABLE KEYS */;
UNLOCK TABLES;

--
-- Table structure for table `mano_de_obra`
--

DROP TABLE IF EXISTS `mano_de_obra`;
/*!40101 SET @saved_cs_client     = @@character_set_client */;
/*!40101 SET character_set_client = utf8 */;
CREATE TABLE `mano_de_obra` (
  `mdo_codigo` int(10) unsigned NOT NULL AUTO_INCREMENT,
  `uni_codigo` int(10) unsigned NOT NULL,
  `mdo_descri` varchar(50) DEFAULT NULL,
  PRIMARY KEY (`mdo_codigo`),
  KEY `mano_de_obra_FKIndex1` (`uni_codigo`),
  CONSTRAINT `mano_de_obra_ibfk_1` FOREIGN KEY (`uni_codigo`) REFERENCES `unidades` (`uni_codigo`) ON DELETE NO ACTION ON UPDATE NO ACTION
) ENGINE=InnoDB AUTO_INCREMENT=4 DEFAULT CHARSET=latin1;
/*!40101 SET character_set_client = @saved_cs_client */;

--
-- Dumping data for table `mano_de_obra`
--

LOCK TABLES `mano_de_obra` WRITE;
/*!40000 ALTER TABLE `mano_de_obra` DISABLE KEYS */;
INSERT INTO `mano_de_obra` VALUES (1,3,'VIGAS'),(2,3,'PILOTINES'),(3,6,'ENCADENADO INFERIOR');
/*!40000 ALTER TABLE `mano_de_obra` ENABLE KEYS */;
UNLOCK TABLES;

--
-- Table structure for table `movimientos`
--

DROP TABLE IF EXISTS `movimientos`;
/*!40101 SET @saved_cs_client     = @@character_set_client */;
/*!40101 SET character_set_client = utf8 */;
CREATE TABLE `movimientos` (
  `cue_codigo` int(10) unsigned NOT NULL AUTO_INCREMENT,
  `usu_codigo` int(10) unsigned NOT NULL,
  `obr_codigo` int(10) unsigned NOT NULL,
  `cue_opera` varchar(15) DEFAULT 'ENTREGA',
  `cue_monto` float(10,2) DEFAULT NULL,
  `cue_segun` varchar(15) DEFAULT NULL,
  `cue_estado` varchar(15) DEFAULT 'ACTIVO',
  `cue_fechor` datetime DEFAULT NULL,
  `nro_recibo` int(15) DEFAULT NULL,
  `numletra` varchar(254) DEFAULT NULL,
  `cue_observ` varchar(254) DEFAULT NULL,
  PRIMARY KEY (`cue_codigo`),
  KEY `cuentas_FKIndex1` (`obr_codigo`),
  KEY `cuentas_FKIndex2` (`usu_codigo`),
  CONSTRAINT `movimientos_ibfk_1` FOREIGN KEY (`obr_codigo`) REFERENCES `obras` (`obr_codigo`) ON DELETE NO ACTION ON UPDATE NO ACTION,
  CONSTRAINT `movimientos_ibfk_2` FOREIGN KEY (`usu_codigo`) REFERENCES `usuarios` (`usu_codigo`) ON DELETE NO ACTION ON UPDATE NO ACTION
) ENGINE=InnoDB AUTO_INCREMENT=406 DEFAULT CHARSET=latin1;
/*!40101 SET character_set_client = @saved_cs_client */;

--
-- Dumping data for table `movimientos`
--

LOCK TABLES `movimientos` WRITE;
/*!40000 ALTER TABLE `movimientos` DISABLE KEYS */;
INSERT INTO `movimientos` VALUES (1,1,14,'ENTREGA',323540.00,'DEPOSITO 1','ACTIVO','2014-04-09 16:01:34',1,'TRESCIENTOS VENTITRES MIL QUINIENTOS CUARENTA PESOS',NULL),(2,1,14,'RETIRO',181620.34,'PAGO PRO 1','ACTIVO','2014-04-09 16:05:03',NULL,NULL,NULL),(3,1,14,'RETIRO',86886.00,'PAGO MO 1','ACTIVO','2014-04-09 16:09:31',NULL,NULL,NULL),(4,1,14,'RETIRO',19860.00,'HONORARIOS 1','ACTIVO','2014-04-09 16:11:51',NULL,NULL,NULL),(5,1,13,'ENTREGA',6376.00,'DEPOSITO 5','ACTIVO','2014-04-09 16:15:02',2,'SEIS MIL TRESCIENTOS SETENTA Y SEIS PESOS',NULL),(6,1,13,'RETIRO',2000.00,'HONORARIOS 2','ACTIVO','2014-04-09 16:15:17',NULL,NULL,NULL),(7,1,13,'RETIRO',1876.00,'PAGO PRO 2','ACTIVO','2014-04-09 16:15:43',NULL,NULL,NULL),(8,1,13,'RETIRO',2500.00,'PAGO MO 2','ACTIVO','2014-04-09 16:16:03',NULL,NULL,NULL),(9,1,12,'ENTREGA',61892.00,'DEPOSITO 9','ACTIVO','2014-04-09 16:17:52',3,'SESENTA Y UN MIL OCHOCIENTOS NOVENTA Y DOS PESOS',NULL),(10,1,12,'RETIRO',5000.00,'PAGO MO 3','ACTIVO','2014-04-09 16:18:19',NULL,NULL,NULL),(11,1,12,'RETIRO',4000.00,'PAGO MO 4','ACTIVO','2014-04-09 16:19:37',NULL,NULL,NULL),(12,1,12,'RETIRO',57292.00,'PAGO PRO 3','ACTIVO','2014-04-09 16:21:45',NULL,NULL,NULL),(13,1,12,'ENTREGA',4400.00,'DEPOSITO 13','ACTIVO','2014-04-09 16:24:33',4,'CUATRO MIL CUATROCIENTOS PESOS',NULL),(14,1,11,'ENTREGA',49167.00,'DEPOSITO 14','ACTIVO','2014-04-09 16:27:12',5,'CUARENTA Y NUEVE MIL CIENTO SESENTA Y SIETE PESOS',NULL),(15,1,11,'RETIRO',48999.00,'PAGO MO 5','ANULADO','2014-04-09 16:29:59',NULL,NULL,NULL),(16,1,11,'RETIRO',25800.00,'PAGO MO 6','ACTIVO','2014-04-09 16:32:12',NULL,NULL,NULL),(17,1,11,'RETIRO',3000.00,'HONORARIOS 3','ACTIVO','2014-04-09 16:32:25',NULL,NULL,NULL),(18,1,11,'RETIRO',20199.00,'PAGO PRO 4','ACTIVO','2014-04-09 16:32:45',NULL,NULL,NULL),(19,1,10,'ENTREGA',25791.00,'DEPOSITO 19','ACTIVO','2014-04-09 16:34:17',6,'VENTICINCO MIL SETECIENTOS NOVENTA Y UN PESOS',NULL),(20,1,10,'RETIRO',25791.00,'PAGO PRO 5','ACTIVO','2014-04-09 16:34:46',NULL,NULL,NULL),(21,1,8,'RETIRO',31133.00,'PAGO PRO 6','ACTIVO','2014-04-09 16:38:42',NULL,NULL,NULL),(22,1,8,'RETIRO',5450.00,'HONORARIOS 4','ACTIVO','2014-04-09 16:42:16',NULL,NULL,NULL),(23,1,8,'RETIRO',31000.00,'PAGO MO 7','ACTIVO','2014-04-09 16:46:47',NULL,NULL,NULL),(24,1,8,'ENTREGA',67583.00,'DEPOSITO 24','ACTIVO','2014-04-09 16:50:31',7,'SESENTA Y SIETE MIL QUINIENTOS OCHENTA Y TRES PESOS',NULL),(25,1,7,'RETIRO',61220.00,'PAGO MO 8','ACTIVO','2014-04-09 16:52:14',NULL,NULL,NULL),(26,1,7,'RETIRO',27014.00,'PAGO PRO 7','ACTIVO','2014-04-09 16:52:38',NULL,NULL,NULL),(27,1,7,'ENTREGA',88234.00,'DEPOSITO 27','ACTIVO','2014-04-09 16:53:41',8,'OCHENTA Y OCHO MIL DOSCIENTOS TREINTA Y CUATRO PESOS',NULL),(28,1,6,'RETIRO',82625.00,'PAGO MO 9','ACTIVO','2014-04-09 16:54:33',NULL,NULL,NULL),(29,1,6,'RETIRO',67687.95,'PAGO PRO 8','ACTIVO','2014-04-09 16:54:58',NULL,NULL,NULL),(30,1,6,'ENTREGA',150312.95,'DEPOSITO 30','ACTIVO','2014-04-09 16:56:39',9,'CIENTO CINCUENTA MIL TRESCIENTOS DOCE PESOS CON NOVENTA Y CINCO CENTAVOS',NULL),(31,1,5,'RETIRO',15700.00,'HONORARIOS 5','ACTIVO','2014-04-09 16:57:37',NULL,NULL,NULL),(32,1,5,'RETIRO',81500.00,'PAGO MO 10','ACTIVO','2014-04-09 16:58:55',NULL,NULL,NULL),(33,1,5,'RETIRO',35576.00,'PAGO PRO 9','ACTIVO','2014-04-09 16:59:24',NULL,NULL,NULL),(34,1,5,'ENTREGA',132776.00,'DEPOSITO 34','ACTIVO','2014-04-09 17:00:42',10,'CIENTO TREINTA Y DOS MIL SETECIENTOS SETENTA Y SEIS PESOS',NULL),(35,1,4,'RETIRO',35700.00,'PAGO MO 11','ANULADO','2014-04-09 17:01:36',NULL,NULL,NULL),(36,1,4,'RETIRO',91702.90,'PAGO PRO 10','ACTIVO','2014-04-09 17:02:12',NULL,NULL,NULL),(37,1,4,'RETIRO',134200.00,'PAGO MO 12','ACTIVO','2014-04-09 17:03:00',NULL,NULL,NULL),(38,1,4,'RETIRO',35700.00,'HONORARIOS 6','ACTIVO','2014-04-09 17:03:34',NULL,NULL,NULL),(39,1,4,'ENTREGA',231797.00,'DEPOSITO 39','ACTIVO','2014-04-09 17:04:03',15,'DOSCIENTOS TREINTA Y UN MIL SETECIENTOS NOVENTA Y SIETE PESOS',NULL),(40,1,3,'RETIRO',115979.93,'PAGO PRO 11','ANULADO','2014-04-09 17:05:27',NULL,NULL,NULL),(41,1,3,'RETIRO',58105.00,'PAGO MO 13','ANULADO','2014-04-09 17:05:48',NULL,NULL,NULL),(42,1,3,'RETIRO',17100.00,'HONORARIOS 7','ANULADO','2014-04-09 17:06:16',NULL,NULL,NULL),(43,1,3,'RETIRO',17000.00,'HONORARIOS 8','ACTIVO','2014-04-09 17:08:30',NULL,NULL,NULL),(44,1,3,'RETIRO',101575.00,'PAGO MO 14','ACTIVO','2014-04-09 17:09:05',NULL,NULL,NULL),(45,1,3,'RETIRO',90625.75,'PAGO PRO 12','ACTIVO','2014-04-09 17:09:34',NULL,NULL,NULL),(46,1,3,'ENTREGA',201651.91,'DEPOSITO 46','ACTIVO','2014-04-09 17:11:06',10,'DOSCIENTOS UN MIL SEISCIENTOS CINCUENTA Y UN PESOS CON NOVENTA Y UN CENTAVOS',NULL),(47,1,2,'ENTREGA',213000.00,'DEPOSITO 47','ACTIVO','2014-04-09 17:11:55',11,'DOSCIENTOS TRECE MIL PESOS',NULL),(48,1,2,'RETIRO',19200.00,'HONORARIOS 9','ACTIVO','2014-04-09 17:12:51',NULL,NULL,NULL),(49,1,2,'RETIRO',72410.00,'PAGO MO 15','ACTIVO','2014-04-09 17:13:31',NULL,NULL,NULL),(50,1,2,'RETIRO',93199.40,'PAGO PRO 13','ACTIVO','2014-04-09 17:13:50',NULL,NULL,NULL),(51,1,2,'RETIRO',25555.00,'PAGO MO 16','ACTIVO','2014-04-09 17:14:24',NULL,NULL,NULL),(52,1,1,'RETIRO',301695.59,'HONORARIOS 10','ANULADO','2014-04-09 17:16:06',NULL,NULL,NULL),(53,1,1,'RETIRO',9500.00,'HONORARIOS 11','ACTIVO','2014-04-09 17:17:22',NULL,NULL,NULL),(54,1,1,'RETIRO',181734.00,'PAGO MO 17','ACTIVO','2014-04-09 17:17:46',NULL,NULL,NULL),(55,1,1,'RETIRO',110461.60,'PAGO PRO 14','ACTIVO','2014-04-09 17:18:01',NULL,NULL,NULL),(56,1,1,'ENTREGA',315125.00,'DEPOSITO 56','ACTIVO','2014-04-09 17:18:17',12,'TRESCIENTOS QUINCE MIL CIENTO VENTICINCO PESOS',NULL),(57,1,9,'RETIRO',495.00,'PAGO PRO 15','ACTIVO','2014-04-09 17:20:25',NULL,NULL,NULL),(58,1,9,'RETIRO',22200.00,'PAGO MO 18','ACTIVO','2014-04-09 17:20:55',NULL,NULL,NULL),(59,1,9,'RETIRO',1700.00,'HONORARIOS 12','ACTIVO','2014-04-09 17:21:12',NULL,NULL,NULL),(60,1,9,'ENTREGA',24395.00,'DEPOSITO 60','ACTIVO','2014-04-09 17:21:28',13,'VENTICUATRO MIL TRESCIENTOS NOVENTA Y CINCO PESOS',NULL),(61,1,12,'RETIRO',500.00,'PAGO MO 19','ANULADO','2014-04-09 18:07:01',NULL,NULL,NULL),(62,1,12,'RETIRO',4000.91,'PAGO PRO 16','ANULADO','2014-04-09 18:10:14',NULL,NULL,NULL),(63,1,12,'ENTREGA',10000.00,'DEPOSITO 63','ANULADO','2014-04-09 18:11:51',14,'DIEZ MIL PESOS',NULL),(64,1,12,'RETIRO',500.00,'HONORARIOS 13','ANULADO','2014-04-09 18:13:59',NULL,NULL,NULL),(65,1,7,'RETIRO',1000.00,'PAGO MO 20','ACTIVO','2014-04-14 15:48:09',NULL,NULL,NULL),(66,1,7,'RETIRO',500.00,'PAGO MO 21','ACTIVO','2014-04-14 15:48:41',NULL,NULL,NULL),(67,1,8,'RETIRO',900.00,'PAGO MO 22','ACTIVO','2014-04-14 15:48:54',NULL,NULL,NULL),(68,1,8,'RETIRO',2500.00,'PAGO MO 23','ACTIVO','2014-04-14 15:49:06',NULL,NULL,NULL),(69,1,3,'RETIRO',650.00,'PAGO MO 24','ACTIVO','2014-04-14 16:30:46',NULL,NULL,NULL),(70,1,12,'RETIRO',3000.00,'PAGO MO 25','ACTIVO','2014-04-14 16:31:03',NULL,NULL,NULL),(71,1,4,'RETIRO',1800.00,'PAGO MO 26','ACTIVO','2014-04-14 16:31:32',NULL,NULL,NULL),(72,1,1,'RETIRO',1050.00,'PAGO MO 27','ACTIVO','2014-04-14 16:32:06',NULL,NULL,NULL),(73,1,11,'RETIRO',3000.00,'PAGO MO 28','ACTIVO','2014-04-14 16:32:21',NULL,NULL,NULL),(74,1,10,'RETIRO',1500.00,'PAGO MO 29','ACTIVO','2014-04-14 16:32:41',NULL,NULL,NULL),(75,1,5,'RETIRO',600.00,'PAGO MO 30','ACTIVO','2014-04-14 16:41:23',NULL,NULL,NULL),(76,1,9,'RETIRO',2000.00,'PAGO MO 31','ACTIVO','2014-04-14 16:41:39',NULL,NULL,NULL),(77,1,14,'RETIRO',2500.00,'PAGO MO 32','ACTIVO','2014-04-14 16:41:57',NULL,NULL,NULL),(78,1,10,'RETIRO',3300.00,'PAGO PRO 17','ACTIVO','2014-04-14 18:06:48',NULL,NULL,NULL),(79,1,8,'RETIRO',65.00,'PAGO PRO 18','ACTIVO','2014-04-14 18:07:02',NULL,NULL,NULL),(80,1,11,'RETIRO',336.00,'PAGO PRO 19','ACTIVO','2014-04-14 18:07:12',NULL,NULL,NULL),(81,1,14,'RETIRO',2304.00,'PAGO PRO 20','ACTIVO','2014-04-14 18:07:23',NULL,NULL,NULL),(82,1,7,'RETIRO',320.00,'PAGO PRO 21','ACTIVO','2014-04-14 18:07:57',NULL,NULL,NULL),(83,1,8,'RETIRO',1370.00,'PAGO PRO 22','ACTIVO','2014-04-14 18:08:37',NULL,NULL,NULL),(84,1,8,'RETIRO',229.00,'PAGO PRO 23','ACTIVO','2014-04-14 18:09:02',NULL,NULL,NULL),(85,1,8,'RETIRO',918.00,'PAGO PRO 24','ACTIVO','2014-04-14 18:09:10',NULL,NULL,NULL),(86,1,1,'RETIRO',1000.00,'PAGO MO 33','ACTIVO','2014-04-15 15:23:01',NULL,NULL,NULL),(87,1,8,'RETIRO',1500.00,'PAGO MO 34','ACTIVO','2014-04-16 15:25:47',NULL,NULL,NULL),(88,1,4,'RETIRO',1000.00,'PAGO MO 35','ACTIVO','2014-04-16 15:26:09',NULL,NULL,NULL),(89,1,15,'RETIRO',1000.00,'PAGO MO 36','ACTIVO','2014-04-16 15:28:27',NULL,NULL,NULL),(90,1,14,'RETIRO',1800.00,'PAGO MO 37','ACTIVO','2014-04-16 15:28:49',NULL,NULL,NULL),(91,1,7,'RETIRO',1000.00,'PAGO MO 38','ACTIVO','2014-04-16 15:29:11',NULL,NULL,NULL),(92,1,10,'RETIRO',1500.00,'PAGO MO 39','ACTIVO','2014-04-16 15:29:29',NULL,NULL,NULL),(93,1,11,'RETIRO',2000.00,'PAGO MO 40','ACTIVO','2014-04-16 15:29:48',NULL,NULL,NULL),(94,1,9,'RETIRO',1500.00,'PAGO MO 41','ACTIVO','2014-04-16 15:30:06',NULL,NULL,NULL),(95,1,12,'RETIRO',2000.00,'PAGO MO 42','ANULADO','2014-04-16 15:32:32',NULL,NULL,NULL),(96,1,16,'RETIRO',1350.00,'PAGO MO 43','ACTIVO','2014-04-16 15:35:12',NULL,NULL,NULL),(97,1,2,'RETIRO',750.00,'PAGO MO 44','ACTIVO','2014-04-16 15:35:42',NULL,NULL,NULL),(98,1,7,'RETIRO',200.00,'PAGO MO 45','ACTIVO','2014-04-16 15:36:07',NULL,NULL,NULL),(99,1,5,'RETIRO',600.00,'PAGO MO 46','ACTIVO','2014-04-16 15:36:49',NULL,NULL,NULL),(100,1,8,'RETIRO',1000.00,'PAGO MO 47','ACTIVO','2014-04-16 15:37:10',NULL,NULL,NULL),(101,1,8,'RETIRO',7000.00,'PAGO MO 48','ACTIVO','2014-04-15 16:32:55',NULL,NULL,NULL),(102,1,12,'RETIRO',3000.00,'PAGO MO 49','ACTIVO','2014-04-16 16:49:05',NULL,NULL,NULL),(103,1,12,'RETIRO',3000.00,'PAGO MO 50','ACTIVO','2014-04-16 16:50:17',NULL,NULL,NULL),(104,1,1,'RETIRO',75.00,'PAGO MO 51','ACTIVO','2014-04-24 16:11:31',NULL,NULL,NULL),(105,1,2,'RETIRO',300.00,'PAGO MO 52','ACTIVO','2014-04-24 16:14:46',NULL,NULL,NULL),(106,1,3,'RETIRO',900.00,'PAGO MO 53','ACTIVO','2014-04-24 16:16:10',NULL,NULL,NULL),(107,1,3,'RETIRO',300.00,'PAGO MO 54','ACTIVO','2014-04-24 16:16:33',NULL,NULL,NULL),(108,1,16,'RETIRO',2525.00,'PAGO MO 55','ACTIVO','2014-04-24 16:18:28',NULL,NULL,NULL),(109,1,4,'RETIRO',2000.00,'PAGO MO 56','ACTIVO','2014-04-24 16:19:21',NULL,NULL,NULL),(110,1,4,'RETIRO',1000.00,'PAGO MO 57','ACTIVO','2014-04-24 16:19:56',NULL,NULL,NULL),(111,1,14,'RETIRO',2900.00,'PAGO MO 58','ACTIVO','2014-04-24 16:42:50',NULL,NULL,NULL),(112,1,15,'RETIRO',540.00,'PAGO MO 59','ACTIVO','2014-04-24 17:05:57',NULL,NULL,NULL),(113,1,5,'RETIRO',300.00,'PAGO MO 60','ACTIVO','2014-04-24 17:07:07',NULL,NULL,NULL),(114,1,7,'RETIRO',1000.00,'PAGO MO 61','ACTIVO','2014-04-24 17:08:30',NULL,NULL,NULL),(115,1,8,'RETIRO',2000.00,'PAGO MO 62','ACTIVO','2014-04-24 17:09:11',NULL,NULL,NULL),(116,1,9,'RETIRO',1800.00,'PAGO MO 63','ACTIVO','2014-04-24 17:15:00',NULL,NULL,NULL),(117,1,10,'RETIRO',2500.00,'PAGO MO 64','ANULADO','2014-04-24 17:15:32',NULL,NULL,NULL),(118,1,11,'RETIRO',2500.00,'PAGO MO 65','ACTIVO','2014-04-24 17:16:02',NULL,NULL,NULL),(119,1,12,'RETIRO',3000.00,'PAGO MO 66','ACTIVO','2014-04-24 17:24:46',NULL,NULL,NULL),(120,1,11,'RETIRO',400.00,'PAGO MO 67','ACTIVO','2014-04-24 17:25:40',NULL,NULL,NULL),(121,1,12,'RETIRO',400.00,'PAGO MO 68','ACTIVO','2014-04-24 17:26:07',NULL,NULL,NULL),(122,1,6,'RETIRO',500.00,'PAGO MO 69','ACTIVO','2014-04-25 09:00:24',NULL,NULL,NULL),(123,1,8,'RETIRO',2300.00,'PAGO MO 70','ACTIVO','2014-04-25 09:23:04',NULL,NULL,NULL),(124,1,6,'RETIRO',280.00,'PAGO MO 71','ACTIVO','2014-04-25 09:23:40',NULL,NULL,NULL),(125,1,5,'RETIRO',1800.00,'PAGO MO 72','ACTIVO','2014-04-25 09:25:03',NULL,NULL,NULL),(126,1,1,'RETIRO',3000.00,'PAGO MO 73','ACTIVO','2014-04-25 09:25:51',NULL,NULL,NULL),(127,1,10,'RETIRO',2500.00,'PAGO MO 74','ACTIVO','2014-04-25 17:52:41',NULL,NULL,NULL),(128,1,12,'RETIRO',430.00,'PAGO PRO 25','ACTIVO','2014-04-29 16:35:22',NULL,NULL,NULL),(129,1,12,'RETIRO',126.00,'PAGO PRO 26','ACTIVO','2014-04-29 16:35:34',NULL,NULL,NULL),(130,1,11,'RETIRO',850.00,'PAGO PRO 27','ACTIVO','2014-04-29 16:36:43',NULL,NULL,NULL),(131,1,11,'RETIRO',466.00,'PAGO PRO 28','ACTIVO','2014-04-29 16:36:51',NULL,NULL,NULL),(132,1,3,'RETIRO',109.00,'PAGO PRO 29','ACTIVO','2014-04-29 16:38:08',NULL,NULL,NULL),(133,1,3,'RETIRO',80.00,'PAGO PRO 30','ACTIVO','2014-04-29 16:38:32',NULL,NULL,NULL),(134,1,3,'RETIRO',110.00,'PAGO PRO 31','ACTIVO','2014-04-29 16:38:43',NULL,NULL,NULL),(135,1,2,'RETIRO',36.00,'PAGO PRO 32','ACTIVO','2014-04-29 16:39:16',NULL,NULL,NULL),(136,1,2,'RETIRO',110.00,'PAGO PRO 33','ACTIVO','2014-04-29 16:39:24',NULL,NULL,NULL),(137,1,2,'RETIRO',121.00,'PAGO PRO 34','ACTIVO','2014-04-29 16:39:30',NULL,NULL,NULL),(138,1,7,'RETIRO',1022.00,'PAGO PRO 35','ACTIVO','2014-04-29 16:40:00',NULL,NULL,NULL),(139,1,7,'RETIRO',919.00,'PAGO PRO 36','ACTIVO','2014-04-29 16:40:08',NULL,NULL,NULL),(140,1,8,'RETIRO',1224.00,'PAGO PRO 37','ACTIVO','2014-04-29 16:41:23',NULL,NULL,NULL),(141,1,8,'RETIRO',72.00,'PAGO PRO 38','ACTIVO','2014-04-29 16:41:30',NULL,NULL,NULL),(142,1,4,'RETIRO',1731.00,'PAGO PRO 39','ACTIVO','2014-04-29 16:43:28',NULL,NULL,NULL),(143,1,14,'RETIRO',294.00,'PAGO PRO 40','ACTIVO','2014-04-29 16:46:01',NULL,NULL,NULL),(144,1,14,'RETIRO',533.00,'PAGO PRO 41','ACTIVO','2014-04-29 16:48:06',NULL,NULL,NULL),(145,1,15,'ENTREGA',1540.00,'DEPOSITO 145','ACTIVO','2014-04-29 16:55:58',16,'MIL QUINIENTOS CUARENTA PESOS',' PRUEBA'),(146,1,14,'RETIRO',22.50,'PAGO PRO 42','ACTIVO','2014-04-29 17:05:42',NULL,NULL,NULL),(147,1,5,'ENTREGA',3100.00,'DEPOSITO 147','ACTIVO','2014-04-29 17:48:56',17,'TRES MIL CIENPESOS',' PAGO CUENTA SEMANAL 25/04'),(148,1,13,'ENTREGA',600.00,'DEPOSITO 148','ACTIVO','2014-04-29 17:54:12',18,'SEISCIENTOS PESOS',' DIRECCION CORRESPONDIENTE A SEMANA 25/04'),(149,1,10,'ENTREGA',3500.00,'DEPOSITO 149','ACTIVO','2014-04-29 17:54:55',19,'TRES MIL QUINIENTOS PESOS',' PAGO CUENTA SEMANAL POR MANO DE OBRA Y DIRECCION FECHA 25/04'),(150,1,9,'ENTREGA',3800.00,'DEPOSITO 150','ACTIVO','2014-04-29 17:55:35',20,'TRES MIL OCHOCIENTOS PESOS',' PAGO CUENTA SEMANAL POR MANO DE OBRA Y DIRECCION FECHA 25/04'),(151,1,8,'ENTREGA',10000.00,'DEPOSITO 151','ACTIVO','2014-04-29 17:57:43',21,'DIEZ MIL PESOS',' PAGO CUENTA SEMANAL- SALDO $7536'),(152,1,4,'ENTREGA',5975.00,'DEPOSITO 152','ACTIVO','2014-04-29 17:58:15',22,'CINCO MIL NOVECIENTOS SETENTA Y CINCO PESOS',' PAGO CUENTA SEMANAL CORRESPONDIENTE A 25/04'),(153,1,16,'ENTREGA',5645.00,'DEPOSITO 153','ACTIVO','2014-04-29 17:58:45',23,'CINCO MIL SEISCIENTOS CUARENTA Y CINCO PESOS',' PAGO CUENTA SEMANAL CORRESPONDIENTE A 25/04'),(154,1,11,'ENTREGA',5916.00,'DEPOSITO 154','ACTIVO','2014-04-29 17:59:49',24,'CINCO MIL NOVECIENTOS DIECISEISPESOS',' PAGO CUENTA SEMANAL CORRESPONDIENTE A 25/04'),(155,1,8,'ENTREGA',7500.00,'DEPOSITO 155','ACTIVO','2014-04-29 18:00:42',25,'SIETE MIL QUINIENTOS PESOS','SALDO CUENTA SEMANAL- SALDO RESTANTE $36'),(156,1,2,'RETIRO',600.00,'PAGO MO 75','ACTIVO','2014-05-02 10:20:17',NULL,NULL,NULL),(157,1,3,'RETIRO',650.00,'PAGO MO 76','ACTIVO','2014-05-02 10:21:29',NULL,NULL,NULL),(158,1,16,'RETIRO',1225.00,'PAGO MO 77','ACTIVO','2014-05-02 10:21:54',NULL,NULL,NULL),(159,1,4,'RETIRO',1500.00,'PAGO MO 78','ACTIVO','2014-05-02 10:24:18',NULL,NULL,NULL),(160,1,14,'RETIRO',4000.00,'PAGO MO 79','ACTIVO','2014-05-02 10:24:44',NULL,NULL,NULL),(161,1,7,'RETIRO',600.00,'PAGO MO 80','ACTIVO','2014-05-02 10:25:08',NULL,NULL,NULL),(162,1,8,'RETIRO',2000.00,'PAGO MO 81','ACTIVO','2014-05-02 10:28:02',NULL,NULL,NULL),(163,1,12,'RETIRO',1700.00,'PAGO MO 82','ANULADO','2014-05-02 10:28:40',NULL,NULL,NULL),(164,1,11,'RETIRO',2500.00,'PAGO MO 83','ACTIVO','2014-05-02 10:29:00',NULL,NULL,NULL),(165,1,10,'RETIRO',2500.00,'PAGO MO 84','ACTIVO','2014-05-02 10:30:02',NULL,NULL,NULL),(166,1,4,'RETIRO',1500.00,'PAGO MO 85','ACTIVO','2014-05-02 10:34:18',NULL,NULL,NULL),(167,1,14,'RETIRO',1000.00,'PAGO MO 86','ACTIVO','2014-05-02 10:35:09',NULL,NULL,NULL),(168,1,12,'RETIRO',1500.00,'PAGO MO 87','ACTIVO','2014-05-02 16:09:42',NULL,NULL,NULL),(169,1,8,'ENTREGA',5000.00,'DEPOSITO 169','ACTIVO','2014-05-02 17:06:05',26,'CINCO MIL PESOS',' PAGO CUENTA SEMANAL CORRESPONDIENTE A 02/05'),(170,1,12,'ENTREGA',1700.00,'DEPOSITO 170','ACTIVO','2014-05-02 17:11:15',27,'MIL SETECIENTOS PESOS',' PAGO MANO DE OBRA'),(171,1,16,'ENTREGA',1250.00,'DEPOSITO 171','ACTIVO','2014-05-02 17:11:42',28,'MIL DOSCIENTOS CINCUENTA PESOS',' PAGO MANO DE OBRA PINTURA Y CRISOL'),(172,1,4,'ENTREGA',4184.00,'DEPOSITO 172','ACTIVO','2014-05-02 17:12:19',29,'CUATRO MIL CIENTO OCHENTA Y CUATRO PESOS',' PAGO CUENTA SEMANAL CORRESPONDIENTE A LA SEMANA 02/05'),(173,1,11,'ENTREGA',3900.00,'DEPOSITO 173','ACTIVO','2014-05-02 17:15:47',30,'TRES MIL NOVECIENTOS PESOS',' PAGO CUENTA SEMANAL'),(174,1,6,'ENTREGA',3010.00,'DEPOSITO 174','ACTIVO','2014-05-02 17:16:19',31,'TRES MIL DIEZ PESOS',' PAGO CUENTA SEMANAL PARA CORRALONES'),(175,1,7,'ENTREGA',1560.00,'DEPOSITO 175','ACTIVO','2014-05-02 17:16:44',32,'MIL QUINIENTOS SESENTA PESOS',' PAGO CUENTA SEMANAL'),(176,1,10,'ENTREGA',3100.00,'DEPOSITO 176','ACTIVO','2014-05-02 17:19:32',33,'TRES MIL CIENPESOS',' PAGO CUENTA SEMANAL'),(177,1,8,'RETIRO',2500.00,'PAGO MO 88','ACTIVO','2014-05-08 15:05:38',NULL,NULL,NULL),(178,1,4,'RETIRO',2500.00,'PAGO MO 89','ANULADO','2014-05-08 15:06:16',NULL,NULL,NULL),(179,1,11,'RETIRO',2500.00,'PAGO MO 90','ACTIVO','2014-05-08 15:07:18',NULL,NULL,NULL),(180,1,9,'RETIRO',1000.00,'PAGO MO 91','ACTIVO','2014-05-08 15:07:50',NULL,NULL,NULL),(181,1,1,'RETIRO',700.00,'PAGO MO 92','ACTIVO','2014-05-08 15:08:20',NULL,NULL,NULL),(182,1,10,'RETIRO',3500.00,'PAGO MO 93','ACTIVO','2014-05-08 15:08:49',NULL,NULL,NULL),(183,1,7,'RETIRO',600.00,'PAGO MO 94','ACTIVO','2014-05-08 15:09:24',NULL,NULL,NULL),(184,1,12,'RETIRO',5000.00,'PAGO MO 95','ANULADO','2014-05-08 15:10:01',NULL,NULL,NULL),(185,1,16,'RETIRO',1375.00,'PAGO MO 96','ACTIVO','2014-05-08 15:10:49',NULL,NULL,NULL),(186,1,3,'RETIRO',1450.00,'PAGO MO 97','ACTIVO','2014-05-08 15:11:22',NULL,NULL,NULL),(187,1,1,'RETIRO',600.00,'PAGO MO 98','ACTIVO','2014-05-08 15:11:48',NULL,NULL,NULL),(188,1,4,'RETIRO',1000.00,'PAGO MO 99','ANULADO','2014-05-08 15:12:23',NULL,NULL,NULL),(189,1,7,'RETIRO',700.00,'PAGO MO 100','ACTIVO','2014-05-08 15:12:58',NULL,NULL,NULL),(190,1,12,'RETIRO',5000.00,'PAGO MO 101','ACTIVO','2014-05-08 15:45:07',NULL,NULL,NULL),(191,1,14,'RETIRO',2500.00,'PAGO MO 102','ACTIVO','2014-05-08 15:49:20',NULL,NULL,NULL),(192,1,4,'RETIRO',1500.00,'PAGO MO 103','ACTIVO','2014-05-08 16:51:18',NULL,NULL,NULL),(193,1,3,'RETIRO',7310.00,'PAGO MO 104','ACTIVO','2014-05-08 16:52:42',NULL,NULL,NULL),(194,1,2,'RETIRO',150.00,'PAGO MO 105','ACTIVO','2014-05-08 16:53:27',NULL,NULL,NULL),(195,1,8,'RETIRO',7950.00,'PAGO MO 106','ACTIVO','2014-05-08 17:05:27',NULL,NULL,NULL),(196,1,14,'RETIRO',1000.00,'PAGO MO 107','ACTIVO','2014-05-08 17:15:30',NULL,NULL,NULL),(197,1,14,'RETIRO',1400.00,'PAGO MO 108','ACTIVO','2014-05-08 17:49:03',NULL,NULL,NULL),(198,1,10,'ENTREGA',4830.00,'DEPOSITO 198','ACTIVO','2014-05-08 17:51:19',34,'CUATRO MIL OCHOCIENTOS TREINTA PESOS','PAGO CUENTA SEMANAL'),(199,1,16,'ENTREGA',3323.00,'DEPOSITO 199','ACTIVO','2014-05-08 17:59:53',35,'TRES MIL TRESCIENTOS VENTITRES PESOS',' PAGO CUENTA SEMANAL'),(200,1,4,'ENTREGA',8461.00,'DEPOSITO 200','ACTIVO','2014-05-08 18:01:20',36,'OCHO MIL CUATROCIENTOS SESENTA Y UN PESOS',' PAGO CUENTA SEMANAL CORRESPONDE SEMANA 09/05/14'),(201,1,4,'RETIRO',2000.00,'PAGO MO 109','ACTIVO','2014-05-08 18:13:46',NULL,NULL,NULL),(202,1,9,'ENTREGA',1350.00,'DEPOSITO 202','ACTIVO','2014-05-09 08:36:51',37,'MIL TRESCIENTOS CINCUENTA PESOS',' PAGO CUENTA SEMANAL'),(203,1,1,'ENTREGA',2841.00,'DEPOSITO 203','ACTIVO','2014-05-09 08:51:35',38,'DOS MIL OCHOCIENTOS CUARENTA Y UN PESOS',' PAGO CUENTA SEMANAL'),(204,1,2,'ENTREGA',708.00,'DEPOSITO 204','ACTIVO','2014-05-09 08:52:25',39,'SETECIENTOS OCHO PESOS',' PAGO CUENTA SEMANAL'),(205,1,11,'ENTREGA',3968.00,'DEPOSITO 205','ACTIVO','2014-05-09 09:55:25',40,'TRES MIL NOVECIENTOS SESENTA Y OCHO PESOS',' PAGO CUENTA SEMANAL'),(206,1,8,'ENTREGA',4385.00,'DEPOSITO 206','ACTIVO','2014-05-09 09:56:04',41,'CUATRO MIL TRESCIENTOS OCHENTA Y CINCO PESOS',' PAGO CUENTA SEMANAL'),(207,1,7,'RETIRO',6640.00,'PAGO MO 110','ACTIVO','2014-05-09 11:32:35',NULL,NULL,NULL),(208,1,6,'ENTREGA',4500.00,'DEPOSITO 208','ACTIVO','2014-05-12 18:14:10',42,'CUATRO MIL QUINIENTOS PESOS',' PAGO A ZALAZAR POR ABERTURAS'),(209,1,7,'ENTREGA',2032.00,'DEPOSITO 209','ACTIVO','2014-05-14 09:16:34',43,'DOS MIL TREINTA Y DOS PESOS',' PAGO CUENTA SEMANAL'),(210,1,12,'ENTREGA',5300.00,'DEPOSITO 210','ACTIVO','2014-05-14 09:29:34',44,'CINCO MIL TRESCIENTOS PESOS',' PAGO CUENTA SEMANAL- CORRESPONDE SEMANA 09/05/14'),(211,1,3,'ENTREGA',9604.00,'DEPOSITO 211','ACTIVO','2014-05-14 09:43:54',45,'NUEVE MIL SEISCIENTOS CUATRO PESOS',' PAGO CUENTA SEMANAL- CORRESPONDE SEMANA 09/05/14'),(212,1,7,'RETIRO',10000.00,'PAGO MO 111','ACTIVO','2014-05-14 10:49:01',NULL,NULL,NULL),(213,1,14,'ENTREGA',34200.00,'DEPOSITO 213','ACTIVO','2014-05-14 10:52:34',46,'TREINTA Y CUATRO MIL DOSCIENTOS PESOS',' PAGO MANO DE OBRA'),(214,1,14,'ENTREGA',40000.00,'DEPOSITO 214','ACTIVO','2014-05-14 10:53:32',47,'CUARENTA MIL PESOS','ENTREGA PARA MATERIALES'),(215,1,12,'ENTREGA',9900.00,'DEPOSITO 215','ACTIVO','2014-05-14 19:05:12',48,'NUEVE MIL NOVECIENTOS PESOS',' PAGO PISOS SANITARIOS CLORINDA'),(216,1,7,'ENTREGA',11500.00,'DEPOSITO 216','ACTIVO','2014-05-14 19:06:00',49,'ONCE MIL QUINIENTOS PESOS',' PAGO PISOS EN SANITARIOS CLORINDA'),(217,1,10,'ENTREGA',4000.00,'DEPOSITO 217','ACTIVO','2014-05-16 08:37:02',50,'CUATRO MIL PESOS',' PAGO CUENTA SEMANAL'),(218,1,4,'ENTREGA',5234.00,'DEPOSITO 218','ACTIVO','2014-05-16 08:38:09',51,'CINCO MIL DOSCIENTOS TREINTA Y CUATRO PESOS',' PAGO CUENTA SEMANAL'),(219,1,8,'ENTREGA',3036.00,'DEPOSITO 219','ACTIVO','2014-05-16 09:58:09',52,'TRES MIL TREINTA Y SEIS PESOS',' PAGO CUENTA SEMANAL'),(220,1,4,'ENTREGA',5234.00,'DEPOSITO 220','ANULADO','2014-05-16 10:04:01',53,'CINCO MIL DOSCIENTOS TREINTA Y CUATRO PESOS',' PAGO CUENTA SEMANAL'),(221,1,7,'ENTREGA',862.00,'DEPOSITO 221','ACTIVO','2014-05-16 10:09:10',54,'OCHOCIENTOS SESENTA Y DOS PESOS',' PAGO CUENTA SEMANAL'),(222,1,12,'ENTREGA',6510.00,'DEPOSITO 222','ACTIVO','2014-05-16 10:09:36',55,'SEIS MIL QUINIENTOS DIEZ PESOS',' PAGO CUENTA SEMANAL'),(223,1,14,'RETIRO',7500.00,'PAGO MO 112','ACTIVO','2014-05-16 10:24:39',NULL,NULL,NULL),(224,1,4,'RETIRO',1500.00,'PAGO MO 113','ACTIVO','2014-05-16 10:25:17',NULL,NULL,NULL),(225,1,8,'RETIRO',2000.00,'PAGO MO 114','ACTIVO','2014-05-16 10:32:38',NULL,NULL,NULL),(226,1,4,'RETIRO',1800.00,'PAGO MO 115','ACTIVO','2014-05-16 10:33:12',NULL,NULL,NULL),(227,1,11,'RETIRO',2500.00,'PAGO MO 116','ACTIVO','2014-05-16 10:37:08',NULL,NULL,NULL),(228,1,9,'RETIRO',2000.00,'PAGO MO 117','ACTIVO','2014-05-16 10:37:39',NULL,NULL,NULL),(229,1,7,'RETIRO',700.00,'PAGO MO 118','ACTIVO','2014-05-16 10:38:06',NULL,NULL,NULL),(230,1,10,'RETIRO',3000.00,'PAGO MO 119','ACTIVO','2014-05-16 10:38:39',NULL,NULL,NULL),(231,1,12,'RETIRO',4000.00,'PAGO MO 120','ACTIVO','2014-05-16 10:39:24',NULL,NULL,NULL),(232,1,14,'RETIRO',5500.00,'PAGO MO 121','ACTIVO','2014-05-16 10:39:49',NULL,NULL,NULL),(233,1,3,'RETIRO',2900.00,'PAGO MO 122','ACTIVO','2014-05-16 10:40:16',NULL,NULL,NULL),(234,1,16,'RETIRO',450.00,'PAGO MO 123','ACTIVO','2014-05-16 10:41:17',NULL,NULL,NULL),(235,1,9,'ENTREGA',3790.00,'DEPOSITO 235','ACTIVO','2014-05-16 10:44:00',56,'TRES MIL SETECIENTOS NOVENTA PESOS',' PAGO CUENTA SEMANAL'),(236,1,1,'RETIRO',500.00,'PAGO MO 124','ACTIVO','2014-05-16 10:46:20',NULL,NULL,NULL),(237,1,9,'RETIRO',1000.00,'PAGO MO 125','ACTIVO','2014-05-16 10:46:53',NULL,NULL,NULL),(238,1,4,'RETIRO',1000.00,'PAGO MO 126','ACTIVO','2014-05-16 10:47:16',NULL,NULL,NULL),(239,1,4,'RETIRO',700.00,'PAGO MO 127','ACTIVO','2014-05-16 10:47:56',NULL,NULL,NULL),(240,1,17,'ENTREGA',4900.00,'DEPOSITO 240','ACTIVO','2014-05-16 11:32:05',57,'CUATRO MIL NOVECIENTOS PESOS',' PAGO CUENTA SEMANAL'),(241,1,17,'RETIRO',3000.00,'PAGO MO 128','ACTIVO','2014-05-16 11:32:50',NULL,NULL,NULL),(242,1,4,'RETIRO',620.00,'PAGO MO 129','ACTIVO','2014-05-16 15:32:34',NULL,NULL,NULL),(243,1,12,'RETIRO',1240.00,'PAGO MO 130','ACTIVO','2014-05-16 15:33:07',NULL,NULL,NULL),(244,1,11,'ENTREGA',3750.00,'DEPOSITO 244','ACTIVO','2014-05-16 16:58:08',58,'TRES MIL SETECIENTOS CINCUENTA PESOS',' PAGO CUENTA SEMANAL'),(245,1,12,'RETIRO',1000.00,'PAGO MO 131','ACTIVO','2014-05-16 18:01:40',NULL,NULL,NULL),(246,1,1,'ENTREGA',20000.00,'DEPOSITO 246','ACTIVO','2014-05-20 09:09:23',59,'VEINTEMIL PESOS',' SALDO $25159'),(247,1,1,'RETIRO',10130.00,'PAGO MO 132','ACTIVO','2014-05-20 09:56:50',NULL,NULL,NULL),(248,1,14,'RETIRO',10000.00,'PAGO MO 133','ACTIVO','2014-05-20 10:24:48',NULL,NULL,NULL),(249,1,14,'RETIRO',10000.00,'PAGO MO 134','ACTIVO','2014-05-21 08:27:55',NULL,NULL,NULL),(250,1,9,'RETIRO',139.00,'PAGO PRO 43','ACTIVO','2014-05-21 08:33:01',NULL,NULL,NULL),(251,1,1,'RETIRO',30.00,'PAGO PRO 44','ACTIVO','2014-05-21 08:33:16',NULL,NULL,NULL),(252,1,3,'RETIRO',25.00,'PAGO PRO 45','ACTIVO','2014-05-21 08:33:24',NULL,NULL,NULL),(253,1,4,'RETIRO',134.00,'PAGO PRO 46','ACTIVO','2014-05-21 08:33:34',NULL,NULL,NULL),(254,1,7,'RETIRO',128.00,'PAGO PRO 47','ACTIVO','2014-05-21 08:35:19',NULL,NULL,NULL),(255,1,11,'RETIRO',850.00,'PAGO PRO 48','ACTIVO','2014-05-21 08:36:37',NULL,NULL,NULL),(256,1,17,'RETIRO',1700.00,'PAGO PRO 49','ACTIVO','2014-05-21 08:36:48',NULL,NULL,NULL),(257,1,7,'RETIRO',132.00,'PAGO PRO 50','ACTIVO','2014-05-21 08:36:57',NULL,NULL,NULL),(258,1,8,'RETIRO',36.00,'PAGO PRO 51','ACTIVO','2014-05-21 08:37:11',NULL,NULL,NULL),(259,1,1,'RETIRO',212.00,'PAGO PRO 52','ACTIVO','2014-05-21 08:37:20',NULL,NULL,NULL),(260,1,1,'RETIRO',1278.00,'PAGO PRO 53','ACTIVO','2014-05-21 08:38:00',NULL,NULL,NULL),(261,1,14,'RETIRO',6800.00,'PAGO MO 135','ACTIVO','2014-05-22 17:43:24',NULL,NULL,NULL),(262,1,7,'RETIRO',1000.00,'PAGO MO 136','ACTIVO','2014-05-22 17:46:15',NULL,NULL,NULL),(263,1,10,'RETIRO',2600.00,'PAGO MO 137','ACTIVO','2014-05-22 17:49:04',NULL,NULL,NULL),(264,1,12,'RETIRO',5000.00,'PAGO MO 138','ACTIVO','2014-05-22 17:49:38',NULL,NULL,NULL),(265,1,8,'RETIRO',1800.00,'PAGO MO 139','ACTIVO','2014-05-22 17:51:19',NULL,NULL,NULL),(266,1,4,'RETIRO',2000.00,'PAGO MO 140','ACTIVO','2014-05-22 17:51:50',NULL,NULL,NULL),(267,1,17,'RETIRO',3000.00,'PAGO MO 141','ACTIVO','2014-05-22 17:55:27',NULL,NULL,NULL),(268,1,11,'RETIRO',2500.00,'PAGO MO 142','ACTIVO','2014-05-22 18:00:02',NULL,NULL,NULL),(269,1,9,'RETIRO',1500.00,'PAGO MO 143','ACTIVO','2014-05-22 18:00:41',NULL,NULL,NULL),(270,1,3,'RETIRO',300.00,'PAGO MO 144','ACTIVO','2014-05-22 18:01:46',NULL,NULL,NULL),(271,1,12,'ENTREGA',5300.00,'DEPOSITO 271','ACTIVO','2014-05-22 18:03:25',60,'CINCO MIL TRESCIENTOS PESOS',' PAGO CUENTA SEMANAL'),(272,1,17,'ENTREGA',12645.00,'DEPOSITO 272','ACTIVO','2014-05-22 18:03:45',61,'DOCE MIL SEISCIENTOS CUARENTA Y CINCO PESOS',' PAGO CUENTA SEMANAL'),(273,1,7,'ENTREGA',4195.00,'DEPOSITO 273','ACTIVO','2014-05-22 18:11:48',62,'CUATRO MIL CIENTO NOVENTA Y CINCO PESOS',' PAGO CUENTA SEMANAL'),(274,1,10,'ENTREGA',7290.00,'DEPOSITO 274','ACTIVO','2014-05-22 18:12:39',63,'SIETE MIL DOSCIENTOS NOVENTA PESOS',' PAGO CUENTA SEMANAL'),(275,1,4,'ENTREGA',16660.00,'DEPOSITO 275','ACTIVO','2014-05-22 18:25:29',64,'DIECISEISMIL SEISCIENTOS SESENTA PESOS',' PAGO CUENTA SEMANAL'),(276,1,16,'ENTREGA',689.00,'DEPOSITO 276','ACTIVO','2014-05-22 18:25:54',65,'SEISCIENTOS OCHENTA Y NUEVE PESOS',' PAGO CUENTA SEMANAL'),(277,1,7,'RETIRO',300.00,'PAGO MO 145','ACTIVO','2014-05-22 18:36:44',NULL,NULL,NULL),(278,1,9,'RETIRO',1600.00,'PAGO MO 146','ACTIVO','2014-05-22 18:37:22',NULL,NULL,NULL),(279,1,4,'RETIRO',1500.00,'PAGO MO 147','ACTIVO','2014-05-22 18:38:05',NULL,NULL,NULL),(280,1,8,'RETIRO',2000.00,'PAGO MO 148','ACTIVO','2014-05-22 18:38:39',NULL,NULL,NULL),(281,1,4,'RETIRO',620.00,'PAGO MO 149','ACTIVO','2014-05-22 18:40:00',NULL,NULL,NULL),(282,1,10,'RETIRO',3000.00,'PAGO MO 150','ANULADO','2014-05-22 18:41:20',NULL,NULL,NULL),(283,1,16,'RETIRO',300.00,'PAGO MO 151','ACTIVO','2014-05-22 18:42:05',NULL,NULL,NULL),(284,1,3,'RETIRO',600.00,'PAGO MO 152','ACTIVO','2014-05-22 18:42:54',NULL,NULL,NULL),(285,1,7,'RETIRO',800.00,'PAGO MO 153','ACTIVO','2014-05-22 18:43:43',NULL,NULL,NULL),(286,1,8,'RETIRO',750.00,'PAGO MO 154','ACTIVO','2014-05-22 18:44:22',NULL,NULL,NULL),(287,1,4,'RETIRO',10000.00,'PAGO MO 155','ACTIVO','2014-05-22 19:18:45',NULL,NULL,NULL),(288,1,7,'RETIRO',1500.00,'PAGO MO 156','ACTIVO','2014-05-23 09:53:26',NULL,NULL,NULL),(289,1,17,'RETIRO',5700.00,'PAGO MO 157','ACTIVO','2014-05-23 10:10:36',NULL,NULL,NULL),(290,1,9,'ENTREGA',4704.00,'DEPOSITO 290','ACTIVO','2014-05-23 11:12:08',66,'CUATRO MIL SETECIENTOS CUATRO PESOS',' PAGO CUENTA SEMANAL'),(291,1,8,'RETIRO',10000.00,'PAGO MO 158','ACTIVO','2014-05-23 15:26:07',NULL,NULL,NULL),(292,1,8,'ENTREGA',16550.00,'DEPOSITO 292','ACTIVO','2014-05-23 16:26:41',67,'DIECISEISMIL QUINIENTOS CINCUENTA PESOS',' PAGO CUENTA SEMANAL'),(293,1,2,'ENTREGA',2456.00,'DEPOSITO 293','ACTIVO','2014-05-26 16:10:46',68,'DOS MIL CUATROCIENTOS CINCUENTA Y SEIS PESOS',' SALDO POR PINTURA'),(294,1,12,'RETIRO',300.00,'HONORARIOS 14','ACTIVO','2014-05-27 18:41:18',NULL,NULL,NULL),(295,1,12,'RETIRO',300.00,'HONORARIOS 15','ACTIVO','2014-05-27 18:41:47',NULL,NULL,NULL),(296,1,12,'RETIRO',300.00,'HONORARIOS 16','ACTIVO','2014-05-27 18:42:07',NULL,NULL,NULL),(297,1,10,'RETIRO',1000.00,'HONORARIOS 17','ACTIVO','2014-05-28 08:13:52',NULL,NULL,NULL),(298,1,10,'RETIRO',600.00,'HONORARIOS 18','ACTIVO','2014-05-28 08:20:12',NULL,NULL,NULL),(299,1,10,'RETIRO',1000.00,'HONORARIOS 19','ACTIVO','2014-05-28 08:23:06',NULL,NULL,NULL),(300,1,10,'RETIRO',1000.00,'HONORARIOS 20','ACTIVO','2014-05-28 08:29:09',NULL,NULL,NULL),(301,1,10,'RETIRO',700.00,'HONORARIOS 21','ACTIVO','2014-05-28 08:30:30',NULL,NULL,NULL),(302,1,10,'RETIRO',2800.00,'PAGO PRO 54','ACTIVO','2014-04-14 09:30:20',NULL,NULL,NULL),(303,1,10,'RETIRO',3000.00,'PAGO PRO 55','ACTIVO','2014-05-23 09:35:22',NULL,NULL,NULL),(304,1,8,'ENTREGA',23000.00,'DEPOSITO 304','ANULADO','2014-05-28 11:18:11',69,'VENTITRES MIL PESOS',' PAGO CUENTA SEMANAL'),(305,1,4,'RETIRO',1320.00,'PAGO PRO 56','ACTIVO','2014-05-28 15:34:00',NULL,NULL,NULL),(306,1,3,'RETIRO',600.00,'HONORARIOS 22','ANULADO','2014-05-23 15:35:02',NULL,NULL,NULL),(307,1,4,'RETIRO',600.00,'HONORARIOS 23','ACTIVO','2014-05-23 15:38:32',NULL,NULL,NULL),(308,1,8,'RETIRO',400.00,'PAGO PRO 57','ACTIVO','2014-05-23 16:12:44',NULL,NULL,NULL),(309,1,8,'RETIRO',785.00,'PAGO PRO 58','ACTIVO','2014-05-23 16:13:20',NULL,NULL,NULL),(310,1,8,'RETIRO',600.00,'HONORARIOS 24','ACTIVO','2014-05-23 16:14:25',NULL,NULL,NULL),(311,1,10,'RETIRO',990.00,'PAGO PRO 59','ACTIVO','2014-05-23 16:16:05',NULL,NULL,NULL),(312,1,11,'RETIRO',850.00,'PAGO PRO 60','ACTIVO','2014-05-23 16:17:32',NULL,NULL,NULL),(313,1,11,'RETIRO',400.00,'HONORARIOS 25','ACTIVO','2014-05-23 16:18:23',NULL,NULL,NULL),(314,1,9,'RETIRO',80.00,'PAGO PRO 61','ACTIVO','2014-05-23 16:19:44',NULL,NULL,NULL),(315,1,9,'RETIRO',1224.00,'PAGO PRO 62','ACTIVO','2014-05-23 16:19:59',NULL,NULL,NULL),(316,1,9,'RETIRO',400.00,'HONORARIOS 26','ACTIVO','2014-05-23 16:20:35',NULL,NULL,NULL),(317,1,9,'RETIRO',400.00,'HONORARIOS 27','ACTIVO','2014-05-23 16:20:54',NULL,NULL,NULL),(318,1,7,'RETIRO',89.00,'PAGO PRO 63','ACTIVO','2014-05-23 16:22:04',NULL,NULL,NULL),(319,1,7,'RETIRO',255.00,'PAGO PRO 64','ACTIVO','2014-05-23 16:22:24',NULL,NULL,NULL),(320,1,7,'RETIRO',250.00,'HONORARIOS 28','ACTIVO','2014-05-23 16:22:51',NULL,NULL,NULL),(321,1,17,'RETIRO',960.00,'PAGO PRO 65','ACTIVO','2014-05-23 16:23:44',NULL,NULL,NULL),(322,1,17,'RETIRO',2125.00,'PAGO PRO 66','ACTIVO','2014-05-23 16:24:00',NULL,NULL,NULL),(323,1,17,'RETIRO',660.00,'PAGO PRO 67','ACTIVO','2014-05-23 16:24:38',NULL,NULL,NULL),(324,1,17,'RETIRO',200.00,'HONORARIOS 29','ACTIVO','2014-05-09 16:25:37',NULL,NULL,NULL),(325,1,17,'RETIRO',200.00,'HONORARIOS 30','ACTIVO','2014-05-16 16:26:19',NULL,NULL,NULL),(326,1,17,'RETIRO',200.00,'HONORARIOS 31','ACTIVO','2014-05-23 16:31:52',NULL,NULL,NULL),(327,1,10,'ENTREGA',2219.00,'DEPOSITO 327','ACTIVO','2014-05-28 17:14:45',70,'DOS MIL DOSCIENTOS DIECINUEVEPESOS',' AJUSTE DE ENTREGAS'),(328,1,10,'RETIRO',330.00,'PAGO PRO 68','ACTIVO','2014-05-12 17:22:45',NULL,NULL,NULL),(329,1,10,'RETIRO',1000.00,'HONORARIOS 32','ACTIVO','2014-05-28 17:35:22',NULL,NULL,NULL),(330,1,8,'RETIRO',1800.00,'PAGO MO 159','ACTIVO','2014-05-29 15:37:16',NULL,NULL,NULL),(331,1,4,'RETIRO',2000.00,'PAGO MO 160','ACTIVO','2014-05-29 15:37:50',NULL,NULL,NULL),(332,1,17,'RETIRO',3000.00,'PAGO MO 161','ACTIVO','2014-05-29 15:41:35',NULL,NULL,NULL),(333,1,9,'RETIRO',1500.00,'PAGO MO 162','ACTIVO','2014-05-29 15:43:54',NULL,NULL,NULL),(334,1,10,'RETIRO',2500.00,'PAGO MO 163','ACTIVO','2014-05-29 15:45:02',NULL,NULL,NULL),(335,1,7,'RETIRO',2000.00,'PAGO MO 164','ACTIVO','2014-05-29 15:51:14',NULL,NULL,NULL),(336,1,11,'RETIRO',2500.00,'PAGO MO 165','ACTIVO','2014-05-29 15:51:51',NULL,NULL,NULL),(337,1,14,'RETIRO',5100.00,'PAGO MO 166','ACTIVO','2014-05-29 15:53:11',NULL,NULL,NULL),(338,1,12,'RETIRO',5500.00,'PAGO MO 167','ACTIVO','2014-05-29 15:55:54',NULL,NULL,NULL),(339,1,10,'RETIRO',2260.00,'PAGO MO 168','ACTIVO','2014-05-29 15:56:51',NULL,NULL,NULL),(340,1,12,'RETIRO',1560.00,'PAGO MO 169','ACTIVO','2014-05-29 15:57:29',NULL,NULL,NULL),(341,1,17,'RETIRO',100.00,'PAGO MO 170','ACTIVO','2014-05-29 15:58:04',NULL,NULL,NULL),(342,1,11,'RETIRO',750.00,'PAGO MO 171','ANULADO','2014-05-29 15:59:04',NULL,NULL,NULL),(343,1,11,'RETIRO',3750.00,'PAGO MO 172','ACTIVO','2014-05-29 16:00:21',NULL,NULL,NULL),(344,1,4,'RETIRO',750.00,'PAGO MO 173','ACTIVO','2014-05-29 16:01:12',NULL,NULL,NULL),(345,1,8,'RETIRO',800.00,'PAGO MO 174','ACTIVO','2014-05-29 16:02:03',NULL,NULL,NULL),(346,1,4,'RETIRO',500.00,'PAGO MO 175','ACTIVO','2014-05-29 16:02:39',NULL,NULL,NULL),(347,1,7,'RETIRO',500.00,'PAGO MO 176','ACTIVO','2014-05-29 16:03:12',NULL,NULL,NULL),(348,1,8,'RETIRO',3000.00,'PAGO MO 177','ACTIVO','2014-05-29 16:08:52',NULL,NULL,NULL),(349,1,7,'RETIRO',250.00,'HONORARIOS 33','ACTIVO','2014-05-29 16:13:48',NULL,NULL,NULL),(350,1,12,'RETIRO',300.00,'HONORARIOS 34','ACTIVO','2014-05-29 16:14:37',NULL,NULL,NULL),(351,1,17,'RETIRO',200.00,'HONORARIOS 35','ACTIVO','2014-05-29 16:15:06',NULL,NULL,NULL),(352,1,8,'RETIRO',600.00,'HONORARIOS 36','ACTIVO','2014-05-29 16:15:35',NULL,NULL,NULL),(353,1,11,'RETIRO',400.00,'HONORARIOS 37','ACTIVO','2014-05-29 16:16:52',NULL,NULL,NULL),(354,1,4,'RETIRO',600.00,'HONORARIOS 38','ACTIVO','2014-05-29 16:17:22',NULL,NULL,NULL),(355,1,10,'RETIRO',825.00,'HONORARIOS 39','ACTIVO','2014-05-29 16:17:58',NULL,NULL,NULL),(356,1,9,'ENTREGA',2517.00,'DEPOSITO 356','ACTIVO','2014-05-29 17:21:02',71,'DOS MIL QUINIENTOS DIECISIETEPESOS',' PAGO CUENTA SEMANAL'),(357,1,4,'ENTREGA',12810.00,'DEPOSITO 357','ACTIVO','2014-05-29 17:33:03',72,'DOCE MIL OCHOCIENTOS DIEZ PESOS',' PAGO CUENTA SEMANAL'),(358,1,10,'ENTREGA',7586.00,'DEPOSITO 358','ACTIVO','2014-05-29 18:14:22',73,'SIETE MIL QUINIENTOS OCHENTA Y SEIS PESOS',' PAGA CUENTA SEMANAL'),(359,1,8,'ENTREGA',26400.00,'DEPOSITO 359','ACTIVO','2014-05-29 18:19:39',74,'VENTISEIS MIL CUATROCIENTOS PESOS',' PAGO CUENTA SEMANAL'),(360,1,11,'ENTREGA',7607.00,'DEPOSITO 360','ACTIVO','2014-05-30 08:34:51',75,'SIETE MIL SEISCIENTOS SIETE PESOS',' PAGO CUENTA SEMANAL'),(361,1,17,'RETIRO',5700.00,'PAGO MO 178','ACTIVO','2014-05-30 10:14:58',NULL,NULL,NULL),(362,1,8,'RETIRO',15450.00,'PAGO MO 179','ACTIVO','2014-05-30 10:19:35',NULL,NULL,NULL),(363,1,4,'RETIRO',5000.00,'PAGO MO 180','ACTIVO','2014-05-30 10:20:52',NULL,NULL,NULL),(364,1,9,'RETIRO',206.00,'PAGO PRO 69','ACTIVO','2014-06-02 08:53:59',NULL,NULL,NULL),(365,1,8,'RETIRO',134.00,'PAGO PRO 70','ACTIVO','2014-06-02 08:54:10',NULL,NULL,NULL),(366,1,7,'RETIRO',122.00,'PAGO PRO 71','ACTIVO','2014-06-02 08:54:18',NULL,NULL,NULL),(367,1,3,'RETIRO',115.00,'PAGO PRO 72','ACTIVO','2014-06-02 08:54:27',NULL,NULL,NULL),(368,1,10,'RETIRO',1721.00,'PAGO PRO 73','ACTIVO','2014-06-02 08:54:36',NULL,NULL,NULL),(369,1,11,'RETIRO',222.00,'PAGO PRO 74','ACTIVO','2014-06-02 15:40:23',NULL,NULL,NULL),(370,1,17,'RETIRO',1285.00,'PAGO PRO 75','ACTIVO','2014-06-02 15:40:49',NULL,NULL,NULL),(371,1,8,'RETIRO',174.00,'PAGO PRO 76','ACTIVO','2014-06-02 15:40:57',NULL,NULL,NULL),(372,1,4,'RETIRO',1660.00,'PAGO PRO 77','ACTIVO','2014-06-02 15:41:09',NULL,NULL,NULL),(373,1,8,'RETIRO',1300.00,'PAGO PRO 78','ACTIVO','2014-06-02 15:42:36',NULL,NULL,NULL),(374,1,9,'RETIRO',811.00,'PAGO PRO 79','ACTIVO','2014-06-02 15:42:48',NULL,NULL,NULL),(375,1,4,'RETIRO',990.00,'PAGO PRO 80','ACTIVO','2014-06-02 15:43:18',NULL,NULL,NULL),(376,1,11,'RETIRO',660.00,'PAGO PRO 81','ACTIVO','2014-06-02 15:43:29',NULL,NULL,NULL),(377,1,3,'RETIRO',115.00,'PAGO PRO 82','ACTIVO','2014-06-02 15:46:35',NULL,NULL,NULL),(378,1,7,'RETIRO',250.00,'HONORARIOS 40','ACTIVO','2014-05-09 11:33:56',NULL,NULL,NULL),(379,1,7,'RETIRO',250.00,'HONORARIOS 41','ACTIVO','2014-05-16 11:35:29',NULL,NULL,NULL),(380,1,4,'RETIRO',2500.00,'PAGO MO 181','ACTIVO','2014-06-05 16:08:14',NULL,NULL,NULL),(381,1,14,'RETIRO',5500.00,'PAGO MO 182','ACTIVO','2014-06-05 16:25:16',NULL,NULL,NULL),(382,1,7,'RETIRO',2000.00,'PAGO MO 183','ACTIVO','2014-06-05 16:25:42',NULL,NULL,NULL),(383,1,8,'RETIRO',1800.00,'PAGO MO 184','ACTIVO','2014-06-05 16:26:20',NULL,NULL,NULL),(384,1,12,'RETIRO',6000.00,'PAGO MO 185','ACTIVO','2014-06-05 16:26:56',NULL,NULL,NULL),(385,1,11,'RETIRO',2500.00,'PAGO MO 186','ACTIVO','2014-06-05 16:27:20',NULL,NULL,NULL),(386,1,10,'RETIRO',2500.00,'PAGO MO 187','ACTIVO','2014-06-05 16:27:48',NULL,NULL,NULL),(387,1,17,'RETIRO',3000.00,'PAGO MO 188','ACTIVO','2014-06-05 16:28:15',NULL,NULL,NULL),(388,1,14,'RETIRO',3000.00,'PAGO MO 189','ACTIVO','2014-06-05 16:28:53',NULL,NULL,NULL),(389,1,14,'RETIRO',3000.00,'PAGO MO 190','ACTIVO','2014-06-05 16:29:23',NULL,NULL,NULL),(390,1,8,'RETIRO',600.00,'PAGO MO 191','ACTIVO','2014-06-05 16:39:29',NULL,NULL,NULL),(391,1,4,'RETIRO',600.00,'HONORARIOS 42','ACTIVO','2014-06-05 16:40:11',NULL,NULL,NULL),(392,1,7,'RETIRO',250.00,'HONORARIOS 43','ACTIVO','2014-06-05 16:40:31',NULL,NULL,NULL),(393,1,8,'RETIRO',600.00,'HONORARIOS 44','ACTIVO','2014-06-05 16:40:53',NULL,NULL,NULL),(394,1,12,'RETIRO',300.00,'HONORARIOS 45','ACTIVO','2014-06-05 16:41:11',NULL,NULL,NULL),(395,1,11,'RETIRO',400.00,'HONORARIOS 46','ACTIVO','2014-06-05 16:41:29',NULL,NULL,NULL),(396,1,10,'RETIRO',800.00,'HONORARIOS 47','ACTIVO','2014-06-05 16:44:11',NULL,NULL,NULL),(397,1,17,'RETIRO',200.00,'HONORARIOS 48','ACTIVO','2014-06-05 16:44:32',NULL,NULL,NULL),(398,1,9,'RETIRO',2375.00,'PAGO MO 192','ACTIVO','2014-06-05 17:38:39',NULL,NULL,NULL),(399,1,10,'ENTREGA',24851.00,'DEPOSITO 399','ACTIVO','2014-06-05 18:33:53',76,'VENTICUATRO MIL OCHOCIENTOS CINCUENTA Y UN PESOS',' PAGO CUENTA SEMANAL'),(400,1,10,'RETIRO',1200.00,'PAGO MO 193','ACTIVO','2014-06-06 09:08:52',NULL,NULL,NULL),(401,1,11,'ENTREGA',2925.00,'DEPOSITO 401','ACTIVO','2014-06-06 09:57:34',77,'DOS MIL NOVECIENTOS VENTICINCO PESOS',' PAGO CUENTA SEMANAL'),(402,1,4,'RETIRO',5000.00,'PAGO MO 194','ACTIVO','2014-06-06 15:18:44',NULL,NULL,NULL),(403,1,17,'RETIRO',5600.00,'PAGO MO 195','ACTIVO','2014-06-06 15:24:35',NULL,NULL,NULL),(404,1,6,'RETIRO',4000.00,'PAGO MO 196','ACTIVO','2014-06-06 15:31:11',NULL,NULL,NULL),(405,1,8,'RETIRO',3000.00,'PAGO MO 197','ACTIVO','2014-06-06 16:04:04',NULL,NULL,NULL);
/*!40000 ALTER TABLE `movimientos` ENABLE KEYS */;
UNLOCK TABLES;

--
-- Table structure for table `obras`
--

DROP TABLE IF EXISTS `obras`;
/*!40101 SET @saved_cs_client     = @@character_set_client */;
/*!40101 SET character_set_client = utf8 */;
CREATE TABLE `obras` (
  `obr_codigo` int(10) unsigned NOT NULL AUTO_INCREMENT,
  `cli_codigo` int(10) unsigned NOT NULL,
  `usu_codigo` int(10) unsigned NOT NULL,
  `obr_fecha` datetime DEFAULT NULL,
  `obr_proyec` varchar(100) DEFAULT NULL,
  `obr_estado` varchar(15) DEFAULT 'ACTIVO',
  `obr_presup` varchar(15) DEFAULT NULL,
  `obr_obser` varchar(250) DEFAULT NULL,
  PRIMARY KEY (`obr_codigo`),
  KEY `obras_FKIndex1` (`usu_codigo`),
  KEY `obras_FKIndex3` (`cli_codigo`),
  CONSTRAINT `obras_ibfk_1` FOREIGN KEY (`usu_codigo`) REFERENCES `usuarios` (`usu_codigo`) ON DELETE NO ACTION ON UPDATE NO ACTION
) ENGINE=InnoDB AUTO_INCREMENT=18 DEFAULT CHARSET=latin1;
/*!40101 SET character_set_client = @saved_cs_client */;

--
-- Dumping data for table `obras`
--

LOCK TABLES `obras` WRITE;
/*!40000 ALTER TABLE `obras` DISABLE KEYS */;
INSERT INTO `obras` VALUES (1,1,1,'2014-04-09 15:40:02','LOCAL COMERCIAL Y OFICINAS','ACTIVO','SIN PRESUPUESTO',''),(2,2,1,'2014-04-09 15:40:15','DPTOS DUPLEX','ACTIVO','SIN PRESUPUESTO',''),(3,3,1,'2014-04-09 15:41:13','DPTOS DUPLEX','ACTIVO','SIN PRESUPUESTO',''),(4,4,1,'2014-04-09 15:42:06','LOCALES COMERCIALES','ACTIVO','SIN PRESUPUESTO',''),(5,7,1,'2014-04-09 15:42:54','VIVIENDA FAMILIAR','ACTIVO','SIN PRESUPUESTO',''),(6,8,1,'2014-04-09 15:43:05','VIVIENDA FAMILIAR','ACTIVO','SIN PRESUPUESTO',''),(7,9,1,'2014-04-09 15:43:20','DEPARTAMENTO','ACTIVO','SIN PRESUPUESTO',''),(8,10,1,'2014-04-09 15:43:33','VIVIENDA FAMILIAR','ACTIVO','SIN PRESUPUESTO',''),(9,11,1,'2014-04-09 15:44:00','DEPOSITO COMERCIAL','ACTIVO','SIN PRESUPUESTO',''),(10,12,1,'2014-04-09 15:45:01','VIVIENDA FAMILIAR','ACTIVO','SIN PRESUPUESTO',''),(11,13,1,'2014-04-09 15:45:15','VIVIENDA FAMILIAR','ACTIVO','SIN PRESUPUESTO',''),(12,14,1,'2014-04-09 15:45:24','VIVIENDA FAMILIAR','ACTIVO','SIN PRESUPUESTO',''),(13,15,1,'2014-04-09 15:45:31','VIVIENDA FAMILIAR','ACTIVO','SIN PRESUPUESTO',''),(14,5,1,'2014-04-09 15:49:58','DPTOS Y OFICINAS','ACTIVO','SIN PRESUPUESTO',''),(15,17,1,'2014-04-16 15:28:08','MANO DE OBRA','ACTIVO','SIN PRESUPUESTO',' '),(16,18,1,'2014-04-16 15:34:51','VIVIENDA FAMILIAR','ACTIVO','SIN PRESUPUESTO',' '),(17,19,1,'2014-05-16 11:29:19','REFACCION','ACTIVO','SIN PRESUPUESTO',' ');
/*!40000 ALTER TABLE `obras` ENABLE KEYS */;
UNLOCK TABLES;

--
-- Table structure for table `pagos`
--

DROP TABLE IF EXISTS `pagos`;
/*!40101 SET @saved_cs_client     = @@character_set_client */;
/*!40101 SET character_set_client = utf8 */;
CREATE TABLE `pagos` (
  `pag_codigo` int(10) unsigned NOT NULL AUTO_INCREMENT,
  `usu_codigo` int(10) unsigned NOT NULL,
  `obr_codigo` int(10) unsigned NOT NULL,
  `pag_horfec` datetime DEFAULT NULL,
  `pag_monto` float(10,2) DEFAULT NULL,
  `pag_destin` varchar(50) DEFAULT NULL,
  `pag_estado` varchar(15) DEFAULT 'ACTIVO',
  `pag_numletra` varchar(254) DEFAULT NULL,
  `pag_observ` varchar(254) DEFAULT NULL,
  `pag_fecrec` date DEFAULT NULL,
  PRIMARY KEY (`pag_codigo`),
  KEY `pagos_FKIndex1` (`obr_codigo`),
  KEY `pagos_FKIndex2` (`usu_codigo`),
  CONSTRAINT `pagos_ibfk_1` FOREIGN KEY (`obr_codigo`) REFERENCES `obras` (`obr_codigo`) ON DELETE NO ACTION ON UPDATE NO ACTION,
  CONSTRAINT `pagos_ibfk_2` FOREIGN KEY (`usu_codigo`) REFERENCES `usuarios` (`usu_codigo`) ON DELETE NO ACTION ON UPDATE NO ACTION
) ENGINE=InnoDB AUTO_INCREMENT=198 DEFAULT CHARSET=latin1;
/*!40101 SET character_set_client = @saved_cs_client */;

--
-- Dumping data for table `pagos`
--

LOCK TABLES `pagos` WRITE;
/*!40000 ALTER TABLE `pagos` DISABLE KEYS */;
INSERT INTO `pagos` VALUES (1,1,14,'2014-04-09 16:09:31',86886.00,'TOTAL','ACTIVO','OCHENTA Y SEIS MIL OCHOCIENTOS OCHENTA Y SEIS PESOS',NULL,NULL),(2,1,13,'2014-04-09 16:16:03',2500.00,'TOTAL','ACTIVO','DOS MIL QUINIENTOS PESOS',NULL,NULL),(3,1,12,'2014-04-09 16:18:19',5000.00,'PRIETO','ACTIVO','CINCO MIL PESOS',NULL,NULL),(4,1,12,'2014-04-09 16:19:37',4000.00,'PRIERO','ACTIVO','CUATRO MIL PESOS',NULL,NULL),(5,1,11,'2014-04-09 16:29:59',48999.00,'TOTAL','ANULADO','CUARENTA Y OCHO MIL NOVECIENTOS NOVENTA Y NUEVE PESOS',NULL,NULL),(6,1,11,'2014-04-09 16:32:12',25800.00,'TOTAL','ACTIVO','VENTICINCO MIL OCHOCIENTOS PESOS',NULL,NULL),(7,1,8,'2014-04-09 16:46:47',31000.00,'TOTAL','ACTIVO','TREINTA Y UN MIL PESOS',NULL,NULL),(8,1,7,'2014-04-09 16:52:14',61220.00,'TOTAL MANO DE OBRA','ACTIVO','SESENTA Y UN MIL DOSCIENTOS VEINTEPESOS',NULL,NULL),(9,1,6,'2014-04-09 16:54:33',82625.00,'TOTAL MANO DE OBRA','ACTIVO','OCHENTA Y DOS MIL SEISCIENTOS VENTICINCO PESOS',NULL,NULL),(10,1,5,'2014-04-09 16:58:55',81500.00,'TOTAL MANO DE OBRA','ACTIVO','OCHENTA Y UN MIL QUINIENTOS PESOS',NULL,NULL),(11,1,4,'2014-04-09 17:01:36',35700.00,'TOTAL MANO DE OBRA','ANULADO','TREINTA Y CINCO MIL SETECIENTOS PESOS',NULL,NULL),(12,1,4,'2014-04-09 17:03:00',134200.00,'TOTAL MANO DE OBRA','ACTIVO','CIENTO TREINTA Y CUATRO MIL DOSCIENTOS PESOS',NULL,NULL),(13,1,3,'2014-04-09 17:05:48',58105.00,'MANO TOTAL','ANULADO','CINCUENTA Y OCHO MIL CIENTO CINCO PESOS',NULL,NULL),(14,1,3,'2014-04-09 17:09:05',101575.00,'MANO TOTAL','ACTIVO','CIENTO UN MIL QUINIENTOS SETENTA Y CINCO PESOS',NULL,NULL),(15,1,2,'2014-04-09 17:13:31',72410.00,'TOTAL MANO','ACTIVO','SETENTA Y DOS MIL CUATROCIENTOS DIEZ PESOS',NULL,NULL),(16,1,2,'2014-04-09 17:14:24',25555.00,'HERRERIA','ACTIVO','VENTICINCO MIL QUINIENTOS CINCUENTA Y CINCO PESOS',NULL,NULL),(17,1,1,'2014-04-09 17:17:46',181734.00,'TOTAL','ACTIVO','CIENTO OCHENTA Y UN MIL SETECIENTOS TREINTA Y CUATRO PESOS',NULL,NULL),(18,1,9,'2014-04-09 17:20:55',22200.00,'MIGUEL ','ACTIVO','VENTIDOS MIL DOSCIENTOS PESOS',NULL,NULL),(19,1,12,'2014-04-09 18:07:01',500.00,'NINO','ANULADO','QUINIENTOS PESOS',NULL,NULL),(20,1,7,'2014-04-11 15:48:09',1000.00,'FLEITAS','ACTIVO','MIL PESOS',NULL,NULL),(21,1,7,'2014-04-11 15:48:41',500.00,'JORGE FERNANDEZ','ACTIVO','QUINIENTOS PESOS',NULL,NULL),(22,1,8,'2014-04-11 15:48:54',900.00,'NINO','ACTIVO','NOVECIENTOS PESOS',NULL,NULL),(23,1,8,'2014-04-11 15:49:06',2500.00,'SANTIAGO','ACTIVO','DOS MIL QUINIENTOS PESOS',NULL,NULL),(24,1,3,'2014-04-11 16:30:46',650.00,'VICTOR','ACTIVO','SEISCIENTOS CINCUENTA PESOS',NULL,NULL),(25,1,12,'2014-04-11 16:31:03',3000.00,'PRIETO','ACTIVO','TRES MIL PESOS',NULL,NULL),(26,1,4,'2014-04-11 16:31:32',1800.00,'SANTIAGO','ACTIVO','MIL OCHOCIENTOS PESOS',NULL,NULL),(27,1,1,'2014-04-11 16:32:06',1050.00,'VICTOR','ACTIVO','MIL CINCUENTA PESOS',NULL,NULL),(28,1,11,'2014-04-11 16:32:21',3000.00,'AGUILERA','ACTIVO','TRES MIL PESOS',NULL,NULL),(29,1,10,'2014-04-11 16:32:41',1500.00,'FLEITAS','ACTIVO','MIL QUINIENTOS PESOS',NULL,NULL),(30,1,5,'2014-04-11 16:41:23',600.00,'JORGE FERNANDEZ','ACTIVO','SEISCIENTOS PESOS',NULL,NULL),(31,1,9,'2014-04-11 16:41:39',2000.00,'MIGUEL','ACTIVO','DOS MIL PESOS',NULL,NULL),(32,1,14,'2014-04-11 16:41:57',2500.00,'OLMEDO','ACTIVO','DOS MIL QUINIENTOS PESOS',NULL,NULL),(33,1,1,'2014-04-15 15:23:01',1000.00,'BARUJA','ACTIVO','MIL PESOS',NULL,NULL),(34,1,8,'2014-04-16 15:25:47',1500.00,'SANTIAGO','ACTIVO','MIL QUINIENTOS PESOS',NULL,NULL),(35,1,4,'2014-04-16 15:26:09',1000.00,'SANTIAGO','ACTIVO','MIL PESOS',NULL,NULL),(36,1,15,'2014-04-16 15:28:27',1000.00,'SANTIAGO','ACTIVO','MIL PESOS',NULL,NULL),(37,1,14,'2014-04-16 15:28:49',1800.00,'FREDY OLMEDO','ACTIVO','MIL OCHOCIENTOS PESOS',NULL,NULL),(38,1,7,'2014-04-16 15:29:11',1000.00,'FLEITAS','ACTIVO','MIL PESOS',NULL,NULL),(39,1,10,'2014-04-16 15:29:29',1500.00,'FLEITAS','ACTIVO','MIL QUINIENTOS PESOS',NULL,NULL),(40,1,11,'2014-04-16 15:29:48',2000.00,'AGUILERA','ACTIVO','DOS MIL PESOS',NULL,NULL),(41,1,9,'2014-04-16 15:30:06',1500.00,'MIGUEL','ACTIVO','MIL QUINIENTOS PESOS',NULL,NULL),(42,1,12,'2014-04-16 15:32:32',2000.00,'PRIETO','ANULADO','DOS MIL PESOS',NULL,NULL),(43,1,16,'2014-04-16 15:35:12',1350.00,'VICTOR POR TRABAJOS DE PINTURA','ACTIVO','MIL TRESCIENTOS CINCUENTA PESOS',NULL,NULL),(44,1,2,'2014-04-16 15:35:42',750.00,'VICTOR POR TRABAJOS DE PINTURA','ACTIVO','SETECIENTOS CINCUENTA PESOS',NULL,NULL),(45,1,7,'2014-04-16 15:36:07',200.00,'JORGE F. POR TRABAJOS DE PLOMERIA','ACTIVO','DOSCIENTOS PESOS',NULL,NULL),(46,1,5,'2014-04-16 15:36:49',600.00,'JORGE F. POR TRABAJOS DE PLOMERIA','ACTIVO','SEISCIENTOS PESOS',NULL,NULL),(47,1,8,'2014-04-16 15:37:10',1000.00,'JORGE F. POR TRABAJOS DE PLOMERIA','ACTIVO','MIL PESOS',NULL,NULL),(48,1,8,'2014-04-15 16:32:55',7000.00,'FLAVIO CORONA','ACTIVO','SIETE MIL PESOS',NULL,NULL),(49,1,12,'2014-04-16 16:49:05',3000.00,'PRIETO','ACTIVO','TRES MIL PESOS',NULL,NULL),(50,1,12,'2014-04-16 16:50:17',3000.00,'PRIETO MAMERTO','ACTIVO','TRES MIL PESOS',NULL,NULL),(51,1,1,'2014-04-24 16:11:31',75.00,'VICTOR ','ACTIVO','SETENTA Y CINCO PESOS',' POR TRABAJOS DE PINTURA','2014-04-25'),(52,1,2,'2014-04-24 16:14:46',300.00,'JORGE FERNANDEZ','ACTIVO','TRESCIENTOS PESOS',' POR TRABAJOS DE PLOMERIA','2014-04-25'),(53,1,3,'2014-04-24 16:16:10',900.00,'VICTOR','ACTIVO','NOVECIENTOS PESOS',' POR TRABAJOS DE PINTURA','2014-04-25'),(54,1,3,'2014-04-24 16:16:33',300.00,'JORGE FERNANDEZ','ACTIVO','TRESCIENTOS PESOS',' POR TRABAJOS DE PLOMERIA','2014-04-25'),(55,1,16,'2014-04-24 16:18:28',2525.00,'VICTOR','ACTIVO','DOS MIL QUINIENTOS VENTICINCO PESOS',' POR TRABAJOS DE PINTURA','2014-04-25'),(56,1,4,'2014-04-24 16:19:21',2000.00,'SANTIAGO TORRES','ACTIVO','DOS MIL PESOS',' ADELANTO POR MANO DE OBRA','2014-04-25'),(57,1,4,'2014-04-24 16:19:56',1000.00,'JORGE FERNANDEZ','ACTIVO','MIL PESOS',' POR TRABAJOS DE PLOMERIA','2014-04-25'),(58,1,14,'2014-04-24 16:42:50',2900.00,'FREDY OLMEDO','ACTIVO','DOS MIL NOVECIENTOS PESOS',' ADELANTO POR MANO DE OBRA','2014-04-25'),(59,1,15,'2014-04-24 17:05:57',540.00,'SANTIAGO TORRES','ACTIVO','QUINIENTOS CUARENTA PESOS',' SALDO POR MANO DE OBRA','2014-04-25'),(60,1,5,'2014-04-24 17:07:07',300.00,'MAMERTO PRIETO','ACTIVO','TRESCIENTOS PESOS','SALDO POR MANO DE OBRA','2014-04-25'),(61,1,7,'2014-04-24 17:08:30',1000.00,'NINO ZORRILLA','ACTIVO','MIL PESOS',' POR TRABAJOS DE ELECTRICIDAD','2014-04-25'),(62,1,8,'2014-04-24 17:09:11',2000.00,'SANTIAGO TORRES','ACTIVO','DOS MIL PESOS',' ADELANTO POR MANO DE OBRA','2014-04-25'),(63,1,9,'2014-04-24 17:15:00',1800.00,'MIGUEL RIVEROS','ACTIVO','MIL OCHOCIENTOS PESOS','PAGO POR SALDO DE MANO DE OBRA','2014-04-25'),(64,1,10,'2014-04-24 17:15:32',2500.00,'PRIETO MAMERTO','ANULADO','DOS MIL QUINIENTOS PESOS',' ADELANTO POR MANO DE OBRA','2014-04-25'),(65,1,11,'2014-04-24 17:16:02',2500.00,'AGUILERA','ACTIVO','DOS MIL QUINIENTOS PESOS',' ADELANTO POR MANO DE OBRA','2014-04-25'),(66,1,12,'2014-04-24 17:24:46',3000.00,'PRIETO MAMERTO','ACTIVO','TRES MIL PESOS',' ADELANTO POR MANO DE OBRA','2014-04-25'),(67,1,11,'2014-04-24 17:25:40',400.00,'NINO ZORRILLA','ACTIVO','CUATROCIENTOS PESOS',' PAGO POR TRABAJOS DE ELECTRICIDAD','2014-04-25'),(68,1,12,'2014-04-24 17:26:07',400.00,'NINO ZORRILLA','ACTIVO','CUATROCIENTOS PESOS',' PAGO POR TRABAJOS DE ELECTRICIDAD','2014-04-25'),(69,1,6,'2014-04-25 09:00:24',500.00,'SANTIAGO TORRES','ACTIVO','QUINIENTOS PESOS',' PAGO POR MANO DE OBRA','2014-04-25'),(70,1,8,'2014-04-25 09:23:04',2300.00,'FLAVIO CORONA','ACTIVO','DOS MIL TRESCIENTOS PESOS',' SALDO POR CIELORRASO','2014-04-25'),(71,1,6,'2014-04-25 09:23:40',280.00,'JORGE ZALAZAR','ACTIVO','DOSCIENTOS OCHENTA PESOS',' PAGO POR SOPORTES DE VENTILADORES','2014-04-25'),(72,1,5,'2014-04-25 09:25:03',1800.00,'JORGE ZALAZAR','ACTIVO','MIL OCHOCIENTOS PESOS',' PAGO POR VIGA ESTRUCTURAL','2014-04-25'),(73,1,1,'2014-04-25 09:25:51',3000.00,'JORGE ZALAZAR','ACTIVO','TRES MIL PESOS',' ADELANTO POR TRABAJOS REALIZADOS- SALDO $10130','2014-04-25'),(74,1,10,'2014-04-25 17:52:41',2500.00,'FRANCISCO FLEITAS','ACTIVO','DOS MIL QUINIENTOS PESOS',' ADELANTO POR MANO DE OBRA','2014-04-25'),(75,1,2,'2014-05-02 10:20:17',600.00,'VICTOR ','ACTIVO','SEISCIENTOS PESOS',' POR TRABAJOS DE PINTURA','2014-05-02'),(76,1,3,'2014-05-02 10:21:29',650.00,'VICTOR','ACTIVO','SEISCIENTOS CINCUENTA PESOS',' POR TRABAJOS DE PINTURA','2014-05-02'),(77,1,16,'2014-05-02 10:21:54',1225.00,'VICTOR','ACTIVO','MIL DOSCIENTOS VENTICINCO PESOS',' POR TRABAJOS DE PINTURA','2014-05-02'),(78,1,4,'2014-05-02 10:24:18',1500.00,'SANTIAGO TORRES','ACTIVO','MIL QUINIENTOS PESOS',' ADELANTO POR MANO DE OBRA','2014-05-02'),(79,1,14,'2014-05-02 10:24:44',4000.00,'FREDY OLMEDO','ACTIVO','CUATRO MIL PESOS',' ADELANTO POR MANO DE OBRA','2014-05-02'),(80,1,7,'2014-05-02 10:25:08',600.00,'FRANCISCO FLEITAS','ACTIVO','SEISCIENTOS PESOS',' ADELANTO POR MANO DE OBRA','2014-05-02'),(81,1,8,'2014-05-02 10:28:02',2000.00,'SANTIAGO TORRES','ACTIVO','DOS MIL PESOS',' ADELANTO POR MANO DE OBRA','2014-05-02'),(82,1,12,'2014-05-02 10:28:40',1700.00,'MAMERTO PRIETO','ANULADO','MIL SETECIENTOS PESOS',' ADELANTO POR MANO DE OBRA','2014-05-02'),(83,1,11,'2014-05-02 10:29:00',2500.00,'AGUILERA','ACTIVO','DOS MIL QUINIENTOS PESOS',' ADELANTO POR MANO DE OBRA','2014-05-02'),(84,1,10,'2014-05-02 10:30:02',2500.00,'FRANCISCO FLEITAS','ACTIVO','DOS MIL QUINIENTOS PESOS','ADELANTO POR MANO DE OBRA','2014-05-02'),(85,1,4,'2014-05-02 10:34:18',1500.00,'JORGE FERNANDEZ','ACTIVO','MIL QUINIENTOS PESOS',' POR TRABAJOS DE PLOMERIA','2014-05-02'),(86,1,14,'2014-05-02 10:35:09',1000.00,'NINO ZORRILLA','ACTIVO','MIL PESOS',' POR TRABAJOS DE ELECTRICIDAD','2014-05-02'),(87,1,12,'2014-05-02 16:09:42',1500.00,'MAMERTO PRIETO','ACTIVO','MIL QUINIENTOS PESOS',' ADELANTO POR MANO DE OBRA','2014-05-02'),(88,1,8,'2014-05-08 15:05:38',2500.00,'SANTIAGO TORRES','ACTIVO','DOS MIL QUINIENTOS PESOS',' ADELANTO POR MANO DE OBRA','2014-05-09'),(89,1,4,'2014-05-08 15:06:16',2500.00,'SANTIAGO TORRES','ANULADO','DOS MIL QUINIENTOS PESOS',' ADELANTO POR MANO DE OBRA','2014-05-09'),(90,1,11,'2014-05-08 15:07:18',2500.00,'AGUILERA','ACTIVO','DOS MIL QUINIENTOS PESOS',' ADELANTO POR MANO DE OBRA','2014-05-09'),(91,1,9,'2014-05-08 15:07:50',1000.00,'MIGUEL RIVEROS','ACTIVO','MIL PESOS',' ADELANTO POR MANO DE OBRA','2014-05-09'),(92,1,1,'2014-05-08 15:08:20',700.00,'MIGUEL RIVEROS','ACTIVO','SETECIENTOS PESOS',' ADELANTO POR MANO DE OBRA','2014-05-09'),(93,1,10,'2014-05-08 15:08:49',3500.00,'FRANCISCO FLEITAS','ACTIVO','TRES MIL QUINIENTOS PESOS',' ADELANTO POR MANO DE OBRA','2014-05-09'),(94,1,7,'2014-05-08 15:09:24',600.00,'FRANCISCO FLEITAS','ACTIVO','SEISCIENTOS PESOS',' ADELANTP POR MANO DE OBRA','2014-05-09'),(95,1,12,'2014-05-08 15:10:01',5000.00,'MAMERTO PRIETO','ANULADO','CINCO MIL PESOS',' $4000 ADELANTO POR MANO DE OBRA Y $1000 ENTREGA EN CASA ROLGA POR MATERIALES','2014-05-09'),(96,1,16,'2014-05-08 15:10:49',1375.00,'VICTOR GIMENEZ','ACTIVO','MIL TRESCIENTOS SETENTA Y CINCO PESOS',' ADELANTO MANO DE OBRA POR PINTURA','2014-05-09'),(97,1,3,'2014-05-08 15:11:22',1450.00,'VICTOR GIMENEZ','ACTIVO','MIL CUATROCIENTOS CINCUENTA PESOS',' ADELANTO MANO DE OBRA POR TRABAJOS DE PINTURA','2014-05-09'),(98,1,1,'2014-05-08 15:11:48',600.00,'VICTOR GIMENEZ','ACTIVO','SEISCIENTOS PESOS',' ADELANTO MANO DE OBRA POR TRABAJOS DE PINTURA','2014-05-09'),(99,1,4,'2014-05-08 15:12:23',1000.00,'JORGE FERNANDEZ','ANULADO','MIL PESOS','ADELANTO POR MANO DE OBRA PLOMERIA','2014-05-09'),(100,1,7,'2014-05-08 15:12:58',700.00,'NINO ZORRILLA','ACTIVO','SETECIENTOS PESOS',' PAGO POR MANO DE OBRA DE ELECTRICIDAD','2014-05-09'),(101,1,12,'2014-05-08 15:45:07',5000.00,'MAMERTO PRIETO','ACTIVO','CINCO MIL PESOS',' $4500 MANO DE OBRA Y $500  CASA ROLGA','2014-05-08'),(102,1,14,'2014-05-08 15:49:20',2500.00,'FREDY OLMEDO','ACTIVO','DOS MIL QUINIENTOS PESOS',' ADELANTO POR MANO DE OBRA','2014-05-09'),(103,1,4,'2014-05-08 16:51:18',1500.00,'JORGE FERNANDEZ','ACTIVO','MIL QUINIENTOS PESOS',' ADELANTO POR MANO DE OBRA PLOMERIA','2014-05-09'),(104,1,3,'2014-05-08 16:52:42',7310.00,'JORGE ZALAZAR','ACTIVO','SIETE MIL TRESCIENTOS DIEZ PESOS',' PUERTA DE FRENTE$2800 SALDO $4360 Y REJILLA $150','2014-05-09'),(105,1,2,'2014-05-08 16:53:27',150.00,'JORGE ZALAZAR','ACTIVO','CIENTO CINCUENTA PESOS',' PAGO POR REJILLAS','2014-05-09'),(106,1,8,'2014-05-08 17:05:27',7950.00,'JORGE ZALAZAR','ACTIVO','SIETE MIL NOVECIENTOS CINCUENTA PESOS',' $2800 PTA REV LIVIANO $4800 2 PTAS REV LIV. Y 5 SOPORTES VENTILADORES $350','2014-05-09'),(107,1,14,'2014-05-08 17:15:30',1000.00,'FREDY OLMEDO','ACTIVO','MIL PESOS','ADICIONAL MANO DE OBRA ','2014-05-09'),(108,1,14,'2014-05-08 17:49:03',1400.00,'NINO ZORRILLA','ACTIVO','MIL CUATROCIENTOS PESOS','PAGO POR MANO DE OBRA ELECTRICIDAD ','2014-05-09'),(109,1,4,'2014-05-08 18:13:46',2000.00,'SANTIAGO TORRES','ACTIVO','DOS MIL PESOS',' ADELANTO MANO DE OBRA','2014-05-09'),(110,1,7,'2014-05-09 11:32:35',6640.00,'DAVID BARUJA','ACTIVO','SEIS MIL SEISCIENTOS CUARENTA PESOS','PAGO POR MUEBLE TELEVISOR ','2014-05-09'),(111,1,7,'2014-05-14 10:49:01',10000.00,'JORGE ZALAZAR','ACTIVO','DIEZ MIL PESOS',' PAGO POR ABERTURAS','2014-05-14'),(112,1,14,'2014-05-16 10:24:39',7500.00,'FIDENCIO PINAZO','ACTIVO','SIETE MIL QUINIENTOS PESOS',' PAGO POR 5000 LADRILLOS COMUNES','2014-05-16'),(113,1,4,'2014-05-16 10:25:17',1500.00,'FIDENCIO PINAZO','ACTIVO','MIL QUINIENTOS PESOS',' PAGO POR 1000 LADRILLOS','2014-05-16'),(114,1,8,'2014-05-16 10:32:38',2000.00,'SANTIAGO TORRES','ACTIVO','DOS MIL PESOS',' PAGO POR MANO DE OBRA','2014-05-16'),(115,1,4,'2014-05-16 10:33:12',1800.00,'SANTIAGO TORRES','ACTIVO','MIL OCHOCIENTOS PESOS',' PAGO POR MANO DE OBRA','2014-05-16'),(116,1,11,'2014-05-16 10:37:08',2500.00,'ALEJANDRO AGUILERA','ACTIVO','DOS MIL QUINIENTOS PESOS',' PAGO POR MANO DE OBRA','2014-05-16'),(117,1,9,'2014-05-16 10:37:39',2000.00,'MIGUEL RIVEROS','ACTIVO','DOS MIL PESOS',' PAGO POR MANO DE OBRA','2014-05-16'),(118,1,7,'2014-05-16 10:38:06',700.00,'FRANCISCO FLEITAS','ACTIVO','SETECIENTOS PESOS',' PAGO POR MANO DE OBRA','2014-05-16'),(119,1,10,'2014-05-16 10:38:39',3000.00,'FRANCISCO FLEITAS','ACTIVO','TRES MIL PESOS',' PAGO POR MANO DE OBRA','2014-05-16'),(120,1,12,'2014-05-16 10:39:24',4000.00,'MAMERTO PRIETO','ACTIVO','CUATRO MIL PESOS',' PAGO POR MANO DE OBRA','2014-05-16'),(121,1,14,'2014-05-16 10:39:49',5500.00,'FREDY OLMEDO','ACTIVO','CINCO MIL QUINIENTOS PESOS','ADELANTO POR MANO DE OBRA','2014-05-16'),(122,1,3,'2014-05-16 10:40:16',2900.00,'VICTOR GIMENEZ','ACTIVO','DOS MIL NOVECIENTOS PESOS',' PAGO POR MANO DE OBRA PINTURA','2014-05-16'),(123,1,16,'2014-05-16 10:41:17',450.00,'VICTOR GIMENEZ','ACTIVO','CUATROCIENTOS CINCUENTA PESOS',' PAGO POR MANO DE OBRA PINTURA','2014-05-16'),(124,1,1,'2014-05-16 10:46:20',500.00,'VICTOR GIMENEZ','ACTIVO','QUINIENTOS PESOS',' PAGO POR MANO DE OBRA PINTURA','2014-05-16'),(125,1,9,'2014-05-16 10:46:53',1000.00,'JORGE FERNANDEZ','ACTIVO','MIL PESOS',' PAGO POR MANO DE OBRA PLOMERIA','2014-05-16'),(126,1,4,'2014-05-16 10:47:16',1000.00,'JORGE FERNANDEZ','ACTIVO','MIL PESOS',' PAGO POR MANO DE OBRA PLOMERIA','2014-05-16'),(127,1,4,'2014-05-16 10:47:56',700.00,'NINO ZORRILLA','ACTIVO','SETECIENTOS PESOS',' PAGO POR MANO DE OBRA ELECTRICIDAD','2014-05-16'),(128,1,17,'2014-05-16 11:32:50',3000.00,'SANTIAGO TORRES','ACTIVO','TRES MIL PESOS','ADELANTO POR MANO DE OBRA','2014-05-16'),(129,1,4,'2014-05-16 15:32:34',620.00,'ROJAS','ACTIVO','SEISCIENTOS VEINTEPESOS',' PAGO POR 1 CAMIONADA DE TIERRA','2014-05-16'),(130,1,12,'2014-05-16 15:33:07',1240.00,'ROJAS','ACTIVO','MIL DOSCIENTOS CUARENTA PESOS',' PAGO POR 2 CAMIONADAS DE TIERRA','2014-05-16'),(131,1,12,'2014-05-16 18:01:40',1000.00,'MAMERTO PRIETO ','ACTIVO','MIL PESOS',' ADELANTO MANO DE OBRA','2014-05-16'),(132,1,1,'2014-05-20 09:56:50',10130.00,'JORGE ZALAZAR','ACTIVO','DIEZ MIL CIENTO TREINTA PESOS',' PAGO POR SALDO TRABAJOS DE HERRERIA','2014-05-20'),(133,1,14,'2014-05-20 10:24:48',10000.00,'JORGE ZALAZAR','ACTIVO','DIEZ MIL PESOS',' ADELANTO POR TECHO','2014-05-20'),(134,1,14,'2014-05-21 08:27:55',10000.00,'JORGE ZALAZAR','ACTIVO','DIEZ MIL PESOS',' ADELANTO POR TRABAJOS DE HERRERIA- SALDO $10100','2014-05-21'),(135,1,14,'2014-05-22 17:43:24',6800.00,'FREDY OLMEDO','ACTIVO','SEIS MIL OCHOCIENTOS PESOS','ADELANTO POR MANO DE OBRA','2014-05-23'),(136,1,7,'2014-05-22 17:46:15',1000.00,'FRANCISCO FLEITAS','ACTIVO','MIL PESOS',' ADELANTO POR MANO DE OBRA','2014-05-23'),(137,1,10,'2014-05-22 17:49:04',2600.00,'FRANISCO FLEITAS','ACTIVO','DOS MIL SEISCIENTOS PESOS',' ADELANTO POR MANO DE OBRA','2014-05-23'),(138,1,12,'2014-05-22 17:49:38',5000.00,'MAMERTO PRIETO','ACTIVO','CINCO MIL PESOS',' ADELANTO POR MANO DE OBRA','2014-05-23'),(139,1,8,'2014-05-22 17:51:19',1800.00,'SANTIAGO TORRES','ACTIVO','MIL OCHOCIENTOS PESOS',' ADELANTO POR MANO DE OBRA','2014-05-23'),(140,1,4,'2014-05-22 17:51:50',2000.00,'SANTIAGO TORRES','ACTIVO','DOS MIL PESOS',' ADELANTO POR MANO DE OBRA','2014-05-23'),(141,1,17,'2014-05-22 17:55:27',3000.00,'SANTIAGO TORRES','ACTIVO','TRES MIL PESOS',' ADELANTO POR MANO DE OBRA','2014-05-23'),(142,1,11,'2014-05-22 18:00:02',2500.00,'AGUILERA','ACTIVO','DOS MIL QUINIENTOS PESOS',' ADELANTO POR MANO DE OBRA','2014-05-23'),(143,1,9,'2014-05-22 18:00:41',1500.00,'MIGUEL RIVEROS','ACTIVO','MIL QUINIENTOS PESOS',' ADELANTO POR MANO DE OBRA','2014-05-23'),(144,1,3,'2014-05-22 18:01:46',300.00,'JORGE FERNANDEZ','ACTIVO','TRESCIENTOS PESOS','PAGO POR INSTALACION DE TERMOTANQUES','2014-05-23'),(145,1,7,'2014-05-22 18:36:44',300.00,'JORGE FERNANDEZ','ACTIVO','TRESCIENTOS PESOS',' PAGO MANO DE OBRA PLOMERIA','2014-05-23'),(146,1,9,'2014-05-22 18:37:22',1600.00,'JORGE FERNANDEZ','ACTIVO','MIL SEISCIENTOS PESOS',' PAGO MANO DE OBRA PLOMERIA','2014-05-23'),(147,1,4,'2014-05-22 18:38:05',1500.00,'NINO ZORRILLA','ACTIVO','MIL QUINIENTOS PESOS',' PAGO MANO DE OBRA ELECTRICIDAD','2014-05-23'),(148,1,8,'2014-05-22 18:38:39',2000.00,'NINO ZORRILLA','ACTIVO','DOS MIL PESOS',' PAGO MANO DE OBRA ELETRICIDAD','2014-05-23'),(149,1,4,'2014-05-22 18:40:00',620.00,'ROJAS','ACTIVO','SEISCIENTOS VEINTEPESOS',' PAGO POR 1 CAMIONADA DE TIERRA','2014-05-23'),(150,1,10,'2014-05-22 18:41:20',3000.00,'PINAZO','ANULADO','TRES MIL PESOS',' PAGO POR 2000 LADRILLOS COMUNES','2014-05-23'),(151,1,16,'2014-05-22 18:42:05',300.00,'VICTOR GIMENEZ','ACTIVO','TRESCIENTOS PESOS','PAGO POR MANO DE OBRA PINTURA','2014-05-23'),(152,1,3,'2014-05-22 18:42:54',600.00,'VICTOR GIMENEZ','ACTIVO','SEISCIENTOS PESOS',' PAGO POR MANO DE OBRA PINTURA','2014-05-23'),(153,1,7,'2014-05-22 18:43:43',800.00,'VICTOR GIMENEZ','ACTIVO','OCHOCIENTOS PESOS',' PAGO MANO DE OBRA PINTURA DPTO TIA MARIA PLANTA BAJA','2014-05-23'),(154,1,8,'2014-05-22 18:44:22',750.00,'VICTOR GIMENEZ','ACTIVO','SETECIENTOS CINCUENTA PESOS',' PAGO POR MANO DE OBRA PINTURA','2014-05-23'),(155,1,4,'2014-05-22 19:18:45',10000.00,'JORGE ZALAZAR','ACTIVO','DIEZ MIL PESOS',' ENTREGA POR TRABAJOS DE HERRERIA- SALDO $22440','2014-05-23'),(156,1,7,'2014-05-23 09:53:26',1500.00,'JORGE ZALAZAR','ACTIVO','MIL QUINIENTOS PESOS',' PAGO POR PORTA TANQUES','2014-05-23'),(157,1,17,'2014-05-23 10:10:36',5700.00,'JORGE ZALAZAR','ACTIVO','CINCO MIL SETECIENTOS PESOS',' ENTREGA POR TRABAJOS DE HERRERIA-SALDO $11300','2014-05-23'),(158,1,8,'2014-05-23 15:26:07',10000.00,'JORGE ZALAZAR','ACTIVO','DIEZ MIL PESOS',' ENTREGA POR TECHO','2014-05-23'),(159,1,8,'2014-05-29 15:37:16',1800.00,'SANTIAGO TORRES','ACTIVO','MIL OCHOCIENTOS PESOS','ADELANTO POR MANO DE OBRA','2014-05-30'),(160,1,4,'2014-05-29 15:37:50',2000.00,'SANTIAGO TORRES','ACTIVO','DOS MIL PESOS',' ADELANTO POR MANO DE OBRA','2014-05-30'),(161,1,17,'2014-05-29 15:41:35',3000.00,'SANTIAGO TORRES','ACTIVO','TRES MIL PESOS',' ADELANTO POR MANO DE OBRA','2014-05-30'),(162,1,9,'2014-05-29 15:43:54',1500.00,'MIGUEL RIVEROS','ACTIVO','MIL QUINIENTOS PESOS',' PAGO POR MANO DE OBRA','2014-05-30'),(163,1,10,'2014-05-29 15:45:02',2500.00,'FRANCISCO FLEITAS','ACTIVO','DOS MIL QUINIENTOS PESOS',' ADELANTO POR MANO DE OBRA','2014-05-30'),(164,1,7,'2014-05-29 15:51:14',2000.00,'FRANCISCO FLEITAS','ACTIVO','DOS MIL PESOS',' ADELANTO POR MANO DE OBRA','2014-05-30'),(165,1,11,'2014-05-29 15:51:51',2500.00,'AGUILERA','ACTIVO','DOS MIL QUINIENTOS PESOS',' ADELANTO POR MANO DE OBRA','2014-05-30'),(166,1,14,'2014-05-29 15:53:11',5100.00,'FREDY OLMEDO','ACTIVO','CINCO MIL CIENPESOS',' ADELANTO POR MANO DE OBRA','2014-05-30'),(167,1,12,'2014-05-29 15:55:54',5500.00,'MAMERTO PRIETO','ACTIVO','CINCO MIL QUINIENTOS PESOS',' ADELANTO POR MANO DE OBRA','2014-05-30'),(168,1,10,'2014-05-29 15:56:51',2260.00,'JORGE FERNANDEZ','ACTIVO','DOS MIL DOSCIENTOS SESENTA PESOS',' PAGO POR TRABAJOS DE PLOMERIA','2014-05-30'),(169,1,12,'2014-05-29 15:57:29',1560.00,'JORGE FERNANDEZ','ACTIVO','MIL QUINIENTOS SESENTA PESOS',' PAGO POR TRABAJOS DE PLOMERIA','2014-05-30'),(170,1,17,'2014-05-29 15:58:04',100.00,'JORGE FERNANDEZ','ACTIVO','CIENPESOS','PAGO POR TRABAJOS DE PLOMERIA','2014-05-30'),(171,1,11,'2014-05-29 15:59:04',750.00,'PINAZO','ANULADO','SETECIENTOS CINCUENTA PESOS',' PAGO POR 500 LADRILLOS','2014-05-30'),(172,1,11,'2014-05-29 16:00:21',3750.00,'PINAZO','ACTIVO','TRES MIL SETECIENTOS CINCUENTA PESOS',' PAGO POR 2500 LADRILLOS','2014-05-30'),(173,1,4,'2014-05-29 16:01:12',750.00,'PINAZO','ACTIVO','SETECIENTOS CINCUENTA PESOS',' PAGO POR 500 LADRILLOS','2014-05-30'),(174,1,8,'2014-05-29 16:02:03',800.00,'NINO ZORRILLA','ACTIVO','OCHOCIENTOS PESOS',' PAGO POR TRABAJOS DE ELECTRICIDAD','2014-05-30'),(175,1,4,'2014-05-29 16:02:39',500.00,'NINO ZORRILLA','ACTIVO','QUINIENTOS PESOS',' PAGO POR TRABAJOS DE ELECTRICIDAD','2014-05-30'),(176,1,7,'2014-05-29 16:03:12',500.00,'NINO ZORRILLA','ACTIVO','QUINIENTOS PESOS',' PAGO POR TRABAJOS DE ELECTRICIDAD','2014-05-30'),(177,1,8,'2014-05-29 16:08:52',3000.00,'VICTOR GIMENEZ','ACTIVO','TRES MIL PESOS',' PAGO POR TRABAJOS DE PINTURA','2014-05-30'),(178,1,17,'2014-05-30 10:14:58',5700.00,'JORGE ZALAZAR','ACTIVO','CINCO MIL SETECIENTOS PESOS',' PAGO POR TRABAJOS DE HERRERIA- SALDO $5700','2014-05-30'),(179,1,8,'2014-05-30 10:19:35',15450.00,'JORGE ZALAZAR','ACTIVO','QUINCE MIL CUATROCIENTOS CINCUENTA PESOS',' SALDO POR TECHO Y FRENTE METALICO','2014-05-30'),(180,1,4,'2014-05-30 10:20:52',5000.00,'JORGE ZALAZAR','ACTIVO','CINCO MIL PESOS',' ENTREGA POR ABERTURA LOCALES','2014-05-30'),(181,1,4,'2014-06-05 16:08:14',2500.00,'SANTIAGO TORRES','ACTIVO','DOS MIL QUINIENTOS PESOS',' ADELANTO POR MANO DE OBRA','2014-06-06'),(182,1,14,'2014-06-05 16:25:16',5500.00,'FREDY OLMEDO','ACTIVO','CINCO MIL QUINIENTOS PESOS',' ADELANTO POR MANO DE OBRA','2014-06-06'),(183,1,7,'2014-06-05 16:25:42',2000.00,'FRANCISCO FLEITAS','ACTIVO','DOS MIL PESOS',' ADELANTO POR MANO DE OBRA','2014-06-06'),(184,1,8,'2014-06-05 16:26:20',1800.00,'SANTIAGO TORRES','ACTIVO','MIL OCHOCIENTOS PESOS',' ADELANTO POR MANO DE OBRA','2014-06-06'),(185,1,12,'2014-06-05 16:26:56',6000.00,'MAMERTO PRIETO','ACTIVO','SEIS MIL PESOS',' ADELANTO POR MANO DE OBRA','2014-06-06'),(186,1,11,'2014-06-05 16:27:20',2500.00,'AGUILERA','ACTIVO','DOS MIL QUINIENTOS PESOS',' ADELANTO POR MANO DE OBRA','2014-06-06'),(187,1,10,'2014-06-05 16:27:48',2500.00,'FRANCISCO FLEITAS','ACTIVO','DOS MIL QUINIENTOS PESOS',' ADELANTO POR MANO DE OBRA','2014-06-06'),(188,1,17,'2014-06-05 16:28:15',3000.00,'SANTIAGO TORRES','ACTIVO','TRES MIL PESOS',' ADELANTO POR MANO DE OBRA','2014-06-06'),(189,1,14,'2014-06-05 16:28:53',3000.00,'PINAZO','ACTIVO','TRES MIL PESOS',' PAGA POR 2000 LADRILLOS','2014-06-06'),(190,1,14,'2014-06-05 16:29:23',3000.00,'JORGE FERNANDEZ','ACTIVO','TRES MIL PESOS',' POR TRABAJOS DE PLOMERIA','2014-06-06'),(191,1,8,'2014-06-05 16:39:29',600.00,'JORGE FERNANDEZ','ACTIVO','SEISCIENTOS PESOS',' POR TRABAJOS DE PLOMERIA','2014-06-06'),(192,1,9,'2014-06-05 17:38:39',2375.00,'INGENIERO GODAS','ACTIVO','DOS MIL TRESCIENTOS SETENTA Y CINCO PESOS',' PAGO POR CALCULO ESTRUCTURAL','2014-06-06'),(193,1,10,'2014-06-06 09:08:52',1200.00,'ING. GODAS','ACTIVO','MIL DOSCIENTOS PESOS',' PAGO POR CALCULO ESTRUCTURAL','2014-06-06'),(194,1,4,'2014-06-06 15:18:44',5000.00,'JORGE ZALAZAR','ACTIVO','CINCO MIL PESOS',' ENTREGA POR ABERTURAS-SALDO $12440','2014-06-06'),(195,1,17,'2014-06-06 15:24:35',5600.00,'JORGE ZALAZAR','ACTIVO','CINCO MIL SEISCIENTOS PESOS',' SALDO POR VIGAS','2014-06-06'),(196,1,6,'2014-06-06 15:31:11',4000.00,'JORGE ZALAZAR','ACTIVO','CUATRO MIL PESOS',' POR TRABAJOS DE HERRERIA','2014-06-06'),(197,1,8,'2014-06-06 16:04:04',3000.00,'VICTOR GIMENEZ','ACTIVO','TRES MIL PESOS',' POR TRABAJOS DE PINTURA','2014-06-06');
/*!40000 ALTER TABLE `pagos` ENABLE KEYS */;
UNLOCK TABLES;

--
-- Table structure for table `pagos1`
--

DROP TABLE IF EXISTS `pagos1`;
/*!40101 SET @saved_cs_client     = @@character_set_client */;
/*!40101 SET character_set_client = utf8 */;
CREATE TABLE `pagos1` (
  `pag_codigo` int(10) unsigned NOT NULL AUTO_INCREMENT,
  `usu_codigo` int(10) unsigned NOT NULL,
  `pag_horfec` datetime DEFAULT NULL,
  `pag_monto` float(10,2) DEFAULT NULL,
  `pag_destin` varchar(50) DEFAULT NULL,
  `pag_estado` varchar(15) DEFAULT 'ACTIVO',
  `pag_concep` varchar(254) DEFAULT NULL,
  `pag_numletra` varchar(254) DEFAULT NULL,
  `pag_observ` varchar(254) DEFAULT NULL,
  `pag_fecrec` date DEFAULT NULL,
  PRIMARY KEY (`pag_codigo`),
  KEY `pagos1_FKIndex2` (`usu_codigo`),
  CONSTRAINT `pagos1_ibfk_2` FOREIGN KEY (`usu_codigo`) REFERENCES `usuarios` (`usu_codigo`) ON DELETE NO ACTION ON UPDATE NO ACTION
) ENGINE=InnoDB AUTO_INCREMENT=10 DEFAULT CHARSET=latin1;
/*!40101 SET character_set_client = @saved_cs_client */;

--
-- Dumping data for table `pagos1`
--

LOCK TABLES `pagos1` WRITE;
/*!40000 ALTER TABLE `pagos1` DISABLE KEYS */;
INSERT INTO `pagos1` VALUES (1,1,'2014-05-08 15:58:13',2000.00,'SANTIAGO TORRES','ACTIVO','CANCHA LIBERTAD','DOS MIL PESOS','ADELANTO MANO DE OBRA','2014-05-09'),(2,1,'2014-05-22 18:46:06',1400.00,'VICTOR GIMENEZ','ACTIVO','MANO DE OBRA PINTURA DPTO SARMIENTO E ITALIA','MIL CUATROCIENTOS PESOS',' PAGA MAXIMO BERNAL (P)','2014-05-23'),(3,1,'2014-05-23 10:59:44',1200.00,'JORGE ZALAZAR','ACTIVO','PAGA MAXIMO BERNAL (P)','MIL DOSCIENTOS PESOS',' PAGO POR CANALETAS FARMACIA','2014-05-23'),(4,1,'2014-05-27 18:17:23',1750.00,'INGENIERO GODAS','ANULADO','PAGA POR CALCULO ESTRUCTURAL','MIL SETECIENTOS CINCUENTA PESOS',' PAGA GABRIEL RODRIGUEZ','2014-05-27'),(5,1,'2014-05-28 16:39:36',1750.00,'INGENIERO GODAS','ACTIVO','GABRIEL RODRIGUEZ','MIL SETECIENTOS CINCUENTA PESOS','ENTREGA POR CALCULO ESTRUCTURAL','2014-05-28'),(6,1,'2014-05-29 16:09:52',300.00,'VICTOR GIMENEZ','ACTIVO','ARQ. ANALIA BERNAL','TRESCIENTOS PESOS',' PAGA POR TRABAJOS DE PINTURA','2014-05-30'),(7,1,'2014-05-30 10:21:41',600.00,'JORGE ZALAZAR','ACTIVO','ARQ. ANALIA BERNAL','SEISCIENTOS PESOS',' ENTREGA POR TRABAJOS DE HERRERIA- SALDO $600','2014-05-30'),(8,1,'2014-06-04 19:04:55',3000.00,'ING. GODAS','ACTIVO','JUAN PABLO MENA','TRES MIL PESOS',' PAGO POR CALCULO ESTRUCTURAL','2014-06-04'),(9,1,'2014-06-05 18:00:56',1750.00,'INGENIERO GODAS','ACTIVO','GABRIEL RODRIGUEZ','MIL SETECIENTOS CINCUENTA PESOS',' CANCELA CALCULO ESTRUCTURAL','2014-06-06');
/*!40000 ALTER TABLE `pagos1` ENABLE KEYS */;
UNLOCK TABLES;

--
-- Table structure for table `pantallas`
--

DROP TABLE IF EXISTS `pantallas`;
/*!40101 SET @saved_cs_client     = @@character_set_client */;
/*!40101 SET character_set_client = utf8 */;
CREATE TABLE `pantallas` (
  `pan_codigo` int(10) unsigned NOT NULL AUTO_INCREMENT,
  `pan_descri` varchar(30) DEFAULT NULL,
  PRIMARY KEY (`pan_codigo`)
) ENGINE=InnoDB AUTO_INCREMENT=35 DEFAULT CHARSET=latin1;
/*!40101 SET character_set_client = @saved_cs_client */;

--
-- Dumping data for table `pantallas`
--

LOCK TABLES `pantallas` WRITE;
/*!40000 ALTER TABLE `pantallas` DISABLE KEYS */;
INSERT INTO `pantallas` VALUES (1,'USUARIOS'),(2,'PERMISOS'),(3,'PROVEEDORES'),(4,'UNIDADES'),(5,'ITEMS'),(6,'MANO DE OBRA'),(7,'PRESUPUESTO'),(8,'RUBRO'),(9,'OBRAS'),(10,'DEPOSITO DE CLIENTES'),(11,'ENTREGA DE MATERIALES'),(12,'PAGO DE MANO DE OBRA'),(13,'PAGO PROVEEDORES'),(14,'COBRO DE HONORARIOS'),(15,'INFORME DE PRESUPUESTOS'),(16,'INFORME DE OBRAS'),(17,'INFORME DE DEPOSITOS DE CLIENT'),(18,'ENTREGA DE MATERIALES (NO OBRA'),(19,'INFORME DE ENTREGA DE MATERIAL'),(20,'INFORME DE PAGO A PROVEEDORES'),(21,'INFORME DE PAGO DE M.O.'),(22,'VENTAS'),(24,'PAGO DE MANO DE OBRA (NO OBRAS'),(25,'INFORME DE PROVEEDORES'),(28,'INFORME DE MATERIALES'),(29,'INFORME DE RUBROS'),(30,'INFORME DE MANO DE OBRA'),(31,'INFORME DE COBRO'),(32,'INFORME DE CUENTA CORRIENTE'),(33,'COMPRA DE MATERIALES DEL CLIEN'),(34,'INFORME DE COMPRA DE MATERIALE');
/*!40000 ALTER TABLE `pantallas` ENABLE KEYS */;
UNLOCK TABLES;

--
-- Table structure for table `paprove`
--

DROP TABLE IF EXISTS `paprove`;
/*!40101 SET @saved_cs_client     = @@character_set_client */;
/*!40101 SET character_set_client = utf8 */;
CREATE TABLE `paprove` (
  `ppr_codigo` int(10) unsigned NOT NULL AUTO_INCREMENT,
  `pro_codigo` int(10) unsigned NOT NULL,
  `usu_codigo` int(10) unsigned NOT NULL,
  `obr_codigo` int(10) unsigned NOT NULL,
  `ppr_horfec` datetime DEFAULT NULL,
  `ppr_monto` float(10,2) DEFAULT NULL,
  `ppr_estado` varchar(15) DEFAULT 'ACTIVO',
  `ppr_numletra` varchar(254) DEFAULT NULL,
  `ppr_observ` varchar(254) DEFAULT NULL,
  PRIMARY KEY (`ppr_codigo`),
  KEY `paprove_FKIndex1` (`obr_codigo`),
  KEY `paprove_FKIndex2` (`usu_codigo`),
  KEY `paprove_FKIndex3` (`pro_codigo`),
  CONSTRAINT `paprove_ibfk_1` FOREIGN KEY (`obr_codigo`) REFERENCES `obras` (`obr_codigo`) ON DELETE NO ACTION ON UPDATE NO ACTION,
  CONSTRAINT `paprove_ibfk_2` FOREIGN KEY (`usu_codigo`) REFERENCES `usuarios` (`usu_codigo`) ON DELETE NO ACTION ON UPDATE NO ACTION,
  CONSTRAINT `paprove_ibfk_3` FOREIGN KEY (`pro_codigo`) REFERENCES `proveedor` (`pro_codigo`) ON DELETE NO ACTION ON UPDATE NO ACTION
) ENGINE=InnoDB AUTO_INCREMENT=83 DEFAULT CHARSET=latin1;
/*!40101 SET character_set_client = @saved_cs_client */;

--
-- Dumping data for table `paprove`
--

LOCK TABLES `paprove` WRITE;
/*!40000 ALTER TABLE `paprove` DISABLE KEYS */;
INSERT INTO `paprove` VALUES (1,2,1,14,'2014-04-09 16:05:03',181620.34,'ACTIVO','CIENTO OCHENTA Y UN MIL SEISCIENTOS VEINTEPESOS CON TREINTA Y CUATRO CENTAVOS',NULL),(2,2,1,13,'2014-04-09 16:15:43',1876.00,'ACTIVO','MIL OCHOCIENTOS SETENTA Y SEIS PESOS',NULL),(3,2,1,12,'2014-04-09 16:21:45',57292.00,'ACTIVO','CINCUENTA Y SIETE MIL DOSCIENTOS NOVENTA Y DOS PESOS',NULL),(4,2,1,11,'2014-04-09 16:32:45',20199.00,'ACTIVO','VEINTEMIL CIENTO NOVENTA Y NUEVE PESOS',NULL),(5,2,1,10,'2014-04-09 16:34:46',25791.00,'ACTIVO','VENTICINCO MIL SETECIENTOS NOVENTA Y UN PESOS',NULL),(6,2,1,8,'2014-04-09 16:38:42',31133.00,'ACTIVO','TREINTA Y UN MIL CIENTO TREINTA Y TRES PESOS',NULL),(7,2,1,7,'2014-04-09 16:52:38',27014.00,'ACTIVO','VENTISIETE MIL CATORCE PESOS',NULL),(8,2,1,6,'2014-04-09 16:54:58',67687.95,'ACTIVO','SESENTA Y SIETE MIL SEISCIENTOS OCHENTA Y SIETE PESOS CON NOVENTA Y CINCO CENTAVOS',NULL),(9,2,1,5,'2014-04-09 16:59:24',35576.00,'ACTIVO','TREINTA Y CINCO MIL QUINIENTOS SETENTA Y SEIS PESOS',NULL),(10,2,1,4,'2014-04-09 17:02:12',91702.90,'ACTIVO','NOVENTA Y UN MIL SETECIENTOS DOS PESOS CON NOVENTA CENTAVOS',NULL),(11,2,1,3,'2014-04-09 17:05:27',115979.93,'ANULADO','CIENTO QUINCE MIL NOVECIENTOS SETENTA Y NUEVE PESOS CON NOVENTA Y TRES CENTAVOS',NULL),(12,2,1,3,'2014-04-09 17:09:34',90625.75,'ACTIVO','NOVENTA MIL SEISCIENTOS VENTICINCO PESOS CON SETENTA Y CINCO CENTAVOS',NULL),(13,2,1,2,'2014-04-09 17:13:50',93199.40,'ACTIVO','NOVENTA Y TRES MIL CIENTO NOVENTA Y NUEVE PESOS CON CUARENTA CENTAVOS',NULL),(14,2,1,1,'2014-04-09 17:18:01',110461.60,'ACTIVO','CIENTO DIEZ MIL CUATROCIENTOS SESENTA Y UN PESOS CON SESENTA CENTAVOS',NULL),(15,2,1,9,'2014-04-09 17:20:25',495.00,'ACTIVO','CUATROCIENTOS NOVENTA Y CINCO PESOS',NULL),(16,6,1,12,'2014-04-09 18:10:14',4000.91,'ANULADO','CUATRO MIL PESOS CON NOVENTA Y UN CENTAVOS',NULL),(17,5,1,10,'2014-04-14 18:06:48',3300.00,'ACTIVO','TRES MIL TRESCIENTOS PESOS',NULL),(18,1,1,8,'2014-04-14 18:07:02',65.00,'ACTIVO','SESENTA Y CINCO PESOS',NULL),(19,2,1,11,'2014-04-14 18:07:12',336.00,'ACTIVO','TRESCIENTOS TREINTA Y SEIS PESOS',NULL),(20,2,1,14,'2014-04-14 18:07:23',2304.00,'ACTIVO','DOS MIL TRESCIENTOS CUATRO PESOS',NULL),(21,6,1,7,'2014-04-14 18:07:57',320.00,'ACTIVO','TRESCIENTOS VEINTEPESOS',NULL),(22,2,1,8,'2014-04-14 18:08:37',1370.00,'ACTIVO','MIL TRESCIENTOS SETENTA PESOS',NULL),(23,6,1,8,'2014-04-14 18:09:02',229.00,'ACTIVO','DOSCIENTOS VENTINUEVE PESOS',NULL),(24,3,1,8,'2014-04-14 18:09:10',918.00,'ACTIVO','NOVECIENTOS DIECIOCHOPESOS',NULL),(25,2,1,12,'2014-04-29 16:35:22',430.00,'ACTIVO','CUATROCIENTOS TREINTA PESOS',NULL),(26,3,1,12,'2014-04-29 16:35:34',126.00,'ACTIVO','CIENTO VENTISEIS PESOS',NULL),(27,2,1,11,'2014-04-29 16:36:43',850.00,'ACTIVO','OCHOCIENTOS CINCUENTA PESOS',NULL),(28,3,1,11,'2014-04-29 16:36:51',466.00,'ACTIVO','CUATROCIENTOS SESENTA Y SEIS PESOS',NULL),(29,6,1,3,'2014-04-29 16:38:08',109.00,'ACTIVO','CIENTO NUEVE PESOS',NULL),(30,7,1,3,'2014-04-29 16:38:32',80.00,'ACTIVO','OCHENTA PESOS',NULL),(31,3,1,3,'2014-04-29 16:38:43',110.00,'ACTIVO','CIENTO DIEZ PESOS',NULL),(32,7,1,2,'2014-04-29 16:39:16',36.00,'ACTIVO','TREINTA Y SEIS PESOS',NULL),(33,3,1,2,'2014-04-29 16:39:24',110.00,'ACTIVO','CIENTO DIEZ PESOS',NULL),(34,6,1,2,'2014-04-29 16:39:30',121.00,'ACTIVO','CIENTO VENTIUN PESOS',NULL),(35,2,1,7,'2014-04-29 16:40:00',1022.00,'ACTIVO','MIL VENTIDOS PESOS',NULL),(36,3,1,7,'2014-04-29 16:40:08',919.00,'ACTIVO','NOVECIENTOS DIECINUEVEPESOS',NULL),(37,2,1,8,'2014-04-29 16:41:23',1224.00,'ACTIVO','MIL DOSCIENTOS VENTICUATRO PESOS',NULL),(38,6,1,8,'2014-04-29 16:41:30',72.00,'ACTIVO','SETENTA Y DOS PESOS',NULL),(39,6,1,4,'2014-04-29 16:43:28',1731.00,'ACTIVO','MIL SETECIENTOS TREINTA Y UN PESOS',NULL),(40,3,1,14,'2014-04-29 16:46:01',294.00,'ACTIVO','DOSCIENTOS NOVENTA Y CUATRO PESOS',NULL),(41,4,1,14,'2014-04-29 16:48:06',533.00,'ACTIVO','QUINIENTOS TREINTA Y TRES PESOS',NULL),(42,4,1,14,'2014-04-29 17:05:42',22.50,'ACTIVO','VENTIDOS PESOS CON CINCUENTA CENTAVOS',NULL),(43,6,1,9,'2014-05-21 08:33:01',139.00,'ACTIVO','CIENTO TREINTA Y NUEVE PESOS',NULL),(44,6,1,1,'2014-05-21 08:33:16',30.00,'ACTIVO','TREINTA PESOS',NULL),(45,6,1,3,'2014-05-21 08:33:24',25.00,'ACTIVO','VENTICINCO PESOS',NULL),(46,6,1,4,'2014-05-21 08:33:34',134.00,'ACTIVO','CIENTO TREINTA Y CUATRO PESOS',NULL),(47,6,1,7,'2014-05-21 08:35:19',128.00,'ACTIVO','CIENTO VENTIOCHO PESOS',NULL),(48,2,1,11,'2014-05-21 08:36:37',850.00,'ACTIVO','OCHOCIENTOS CINCUENTA PESOS',NULL),(49,2,1,17,'2014-05-21 08:36:48',1700.00,'ACTIVO','MIL SETECIENTOS PESOS',NULL),(50,2,1,7,'2014-05-21 08:36:57',132.00,'ACTIVO','CIENTO TREINTA Y DOS PESOS',NULL),(51,2,1,8,'2014-05-21 08:37:11',36.00,'ACTIVO','TREINTA Y SEIS PESOS',NULL),(52,2,1,1,'2014-05-21 08:37:20',212.00,'ACTIVO','DOSCIENTOS DOCE PESOS',NULL),(53,4,1,1,'2014-05-21 08:38:00',1278.00,'ACTIVO','MIL DOSCIENTOS SETENTA Y OCHO PESOS',NULL),(54,8,1,10,'2014-04-14 09:30:20',2800.00,'ACTIVO','DOS MIL OCHOCIENTOS PESOS',NULL),(55,8,1,10,'2014-05-23 09:35:22',3000.00,'ACTIVO','TRES MIL PESOS',NULL),(56,5,1,4,'2014-05-28 15:34:00',1320.00,'ACTIVO','MIL TRESCIENTOS VEINTEPESOS',NULL),(57,11,1,8,'2014-05-23 16:12:44',400.00,'ACTIVO','CUATROCIENTOS PESOS',NULL),(58,2,1,8,'2014-05-23 16:13:20',785.00,'ACTIVO','SETECIENTOS OCHENTA Y CINCO PESOS',NULL),(59,5,1,10,'2014-05-23 16:16:05',990.00,'ACTIVO','NOVECIENTOS NOVENTA PESOS',NULL),(60,2,1,11,'2014-05-23 16:17:32',850.00,'ACTIVO','OCHOCIENTOS CINCUENTA PESOS',NULL),(61,16,1,9,'2014-05-23 16:19:44',80.00,'ACTIVO','OCHENTA PESOS',NULL),(62,6,1,9,'2014-05-23 16:19:59',1224.00,'ACTIVO','MIL DOSCIENTOS VENTICUATRO PESOS',NULL),(63,6,1,7,'2014-05-23 16:22:04',89.00,'ACTIVO','OCHENTA Y NUEVE PESOS',NULL),(64,2,1,7,'2014-05-23 16:22:24',255.00,'ACTIVO','DOSCIENTOS CINCUENTA Y CINCO PESOS',NULL),(65,10,1,17,'2014-05-23 16:23:44',960.00,'ACTIVO','NOVECIENTOS SESENTA PESOS',NULL),(66,2,1,17,'2014-05-23 16:24:00',2125.00,'ACTIVO','DOS MIL CIENTO VENTICINCO PESOS',NULL),(67,5,1,17,'2014-05-23 16:24:38',660.00,'ACTIVO','SEISCIENTOS SESENTA PESOS',NULL),(68,5,1,10,'2014-05-12 17:22:45',330.00,'ACTIVO','TRESCIENTOS TREINTA PESOS',NULL),(69,6,1,9,'2014-06-02 08:53:59',206.00,'ACTIVO','DOSCIENTOS SEIS PESOS',NULL),(70,6,1,8,'2014-06-02 08:54:10',134.00,'ACTIVO','CIENTO TREINTA Y CUATRO PESOS',NULL),(71,6,1,7,'2014-06-02 08:54:18',122.00,'ACTIVO','CIENTO VENTIDOS PESOS',NULL),(72,6,1,3,'2014-06-02 08:54:27',115.00,'ACTIVO','CIENTO QUINCE PESOS',NULL),(73,6,1,10,'2014-06-02 08:54:36',1721.00,'ACTIVO','MIL SETECIENTOS VENTIUN PESOS',NULL),(74,14,1,11,'2014-06-02 15:40:23',222.00,'ACTIVO','DOSCIENTOS VENTIDOS PESOS',NULL),(75,2,1,17,'2014-06-02 15:40:49',1285.00,'ACTIVO','MIL DOSCIENTOS OCHENTA Y CINCO PESOS',NULL),(76,2,1,8,'2014-06-02 15:40:57',174.00,'ACTIVO','CIENTO SETENTA Y CUATRO PESOS',NULL),(77,2,1,4,'2014-06-02 15:41:09',1660.00,'ACTIVO','MIL SEISCIENTOS SESENTA PESOS',NULL),(78,18,1,8,'2014-06-02 15:42:36',1300.00,'ACTIVO','MIL TRESCIENTOS PESOS',NULL),(79,18,1,9,'2014-06-02 15:42:48',811.00,'ACTIVO','OCHOCIENTOS ONCE PESOS',NULL),(80,5,1,4,'2014-06-02 15:43:18',990.00,'ACTIVO','NOVECIENTOS NOVENTA PESOS',NULL),(81,5,1,11,'2014-06-02 15:43:29',660.00,'ACTIVO','SEISCIENTOS SESENTA PESOS',NULL),(82,6,1,3,'2014-06-02 15:46:35',115.00,'ACTIVO','CIENTO QUINCE PESOS',NULL);
/*!40000 ALTER TABLE `paprove` ENABLE KEYS */;
UNLOCK TABLES;

--
-- Table structure for table `permisos`
--

DROP TABLE IF EXISTS `permisos`;
/*!40101 SET @saved_cs_client     = @@character_set_client */;
/*!40101 SET character_set_client = utf8 */;
CREATE TABLE `permisos` (
  `usu_codigo` int(10) unsigned NOT NULL,
  `pan_codigo` int(10) unsigned NOT NULL,
  `per_permis` int(10) unsigned DEFAULT NULL,
  PRIMARY KEY (`usu_codigo`,`pan_codigo`),
  KEY `usuarios_has_pantallas_FKIndex1` (`usu_codigo`),
  KEY `usuarios_has_pantallas_FKIndex2` (`pan_codigo`),
  CONSTRAINT `permisos_ibfk_1` FOREIGN KEY (`usu_codigo`) REFERENCES `usuarios` (`usu_codigo`) ON DELETE NO ACTION ON UPDATE NO ACTION,
  CONSTRAINT `permisos_ibfk_2` FOREIGN KEY (`pan_codigo`) REFERENCES `pantallas` (`pan_codigo`) ON DELETE NO ACTION ON UPDATE NO ACTION
) ENGINE=InnoDB DEFAULT CHARSET=latin1;
/*!40101 SET character_set_client = @saved_cs_client */;

--
-- Dumping data for table `permisos`
--

LOCK TABLES `permisos` WRITE;
/*!40000 ALTER TABLE `permisos` DISABLE KEYS */;
INSERT INTO `permisos` VALUES (1,1,1),(1,2,1),(1,3,1),(1,4,1),(1,5,1),(1,6,1),(1,7,1),(1,8,1),(1,9,1),(1,10,1),(1,11,1),(1,12,1),(1,13,1),(1,14,1),(1,15,1),(1,16,1),(1,17,1),(1,18,1),(1,19,1),(1,20,1),(1,21,1),(1,22,1),(1,24,1),(1,25,1),(1,28,1),(1,29,1),(1,30,1),(1,31,1),(1,32,1),(1,33,1),(1,34,1),(2,1,1),(2,2,1),(2,3,1),(2,4,1),(2,5,1),(2,7,1),(2,8,1),(2,9,1),(2,10,1),(2,11,1),(2,12,1),(2,13,1),(2,14,1),(2,15,1),(2,16,1),(2,17,1),(2,18,1),(2,19,1),(2,20,1),(2,21,1),(2,22,1),(2,24,1),(2,25,1),(2,29,1),(2,30,1),(2,31,1),(2,32,1);
/*!40000 ALTER TABLE `permisos` ENABLE KEYS */;
UNLOCK TABLES;

--
-- Table structure for table `presupuesto`
--

DROP TABLE IF EXISTS `presupuesto`;
/*!40101 SET @saved_cs_client     = @@character_set_client */;
/*!40101 SET character_set_client = utf8 */;
CREATE TABLE `presupuesto` (
  `pre_codigo` int(10) unsigned NOT NULL AUTO_INCREMENT,
  `usu_codigo` int(10) unsigned NOT NULL,
  `pre_destin` varchar(100) DEFAULT NULL,
  `pre_proyec` varchar(100) DEFAULT NULL,
  `pre_fechor` datetime DEFAULT NULL,
  `pre_manobr` float(10,2) DEFAULT NULL,
  `pre_materi` float(10,2) DEFAULT NULL,
  `pre_total` float(10,2) DEFAULT NULL,
  `pre_porhon` float(10,2) DEFAULT NULL,
  `pre_honora` float(10,2) DEFAULT NULL,
  `pre_porgas` float(10,2) DEFAULT NULL,
  `pre_gasvar` float(10,2) DEFAULT NULL,
  `pre_estado` varchar(30) DEFAULT 'ACTIVO',
  PRIMARY KEY (`pre_codigo`),
  KEY `presupuesto_FKIndex2` (`usu_codigo`),
  CONSTRAINT `presupuesto_ibfk_1` FOREIGN KEY (`usu_codigo`) REFERENCES `usuarios` (`usu_codigo`) ON DELETE NO ACTION ON UPDATE NO ACTION
) ENGINE=InnoDB AUTO_INCREMENT=13 DEFAULT CHARSET=latin1;
/*!40101 SET character_set_client = @saved_cs_client */;

--
-- Dumping data for table `presupuesto`
--

LOCK TABLES `presupuesto` WRITE;
/*!40000 ALTER TABLE `presupuesto` DISABLE KEYS */;
INSERT INTO `presupuesto` VALUES (1,1,'ASDSADSA','ASDASDSA','2014-03-04 14:11:22',0.00,6248.50,6248.50,0.00,0.00,0.00,0.00,'ANULADO'),(2,1,'ASDASDASd','ASDASD','2014-03-04 14:13:31',0.00,15621.25,15621.25,0.00,0.00,0.00,0.00,'ANULADO'),(3,1,'ASDASD','ASDASD','2014-03-04 14:14:06',0.00,15621.25,15621.25,0.00,0.00,0.00,0.00,'ACTIVO'),(4,1,'ASDASD','ASDASD','2014-03-04 14:38:55',0.00,24994.00,24994.00,0.00,0.00,0.00,0.00,'ACTIVO'),(5,1,'ASDASD','ASDASD','2014-03-04 14:42:28',0.00,25564.17,25564.17,0.00,0.00,0.00,0.00,'ACTIVO'),(6,1,'FDSFD','FDGFD','2014-03-05 16:27:10',2400.00,27462.50,37776.07,10.00,3434.19,15.00,4479.38,'ACTIVO'),(7,1,'ASDASD','ASDASD','2014-03-16 09:53:37',0.00,63400.00,63400.00,0.00,0.00,0.00,0.00,'ACTIVO'),(8,1,'ASDSAD','SADSAD','2014-03-16 14:08:31',1430.00,16090.00,22162.80,15.00,2890.80,10.00,1752.00,'ACTIVO'),(9,1,'LUCAS SUAREZ','LOCALES COMERCIALES','2014-03-16 14:58:57',13700.00,45436.00,74807.04,15.00,9757.44,10.00,5913.60,'ACTIVO'),(10,1,'LUCAS SUAREZ','LOCALES COMERCIALES','2014-03-16 15:00:36',3165.00,40700.00,55489.23,15.00,7237.73,10.00,4386.50,'ACTIVO'),(11,1,'LUCAS','LOCALES','2014-03-19 15:45:31',318.00,30512.00,47305.55,37.00,12775.95,12.00,3699.60,'ACTIVO'),(12,1,'SADSAD','DASD','2014-03-19 17:33:26',0.00,16306.00,16306.00,0.00,0.00,0.00,0.00,'ACTIVO');
/*!40000 ALTER TABLE `presupuesto` ENABLE KEYS */;
UNLOCK TABLES;

--
-- Table structure for table `presupuesto_detalle_mo`
--

DROP TABLE IF EXISTS `presupuesto_detalle_mo`;
/*!40101 SET @saved_cs_client     = @@character_set_client */;
/*!40101 SET character_set_client = utf8 */;
CREATE TABLE `presupuesto_detalle_mo` (
  `pre_codigo` int(10) unsigned NOT NULL,
  `mdo_codigo` int(10) unsigned NOT NULL,
  `pdm_cantid` int(10) unsigned DEFAULT NULL,
  `pdm_subtot` float(10,2) DEFAULT NULL,
  PRIMARY KEY (`pre_codigo`,`mdo_codigo`),
  KEY `presupuesto_has_mano_de_obra_FKIndex1` (`pre_codigo`),
  KEY `presupuesto_has_mano_de_obra_FKIndex2` (`mdo_codigo`),
  CONSTRAINT `presupuesto_detalle_mo_ibfk_1` FOREIGN KEY (`pre_codigo`) REFERENCES `presupuesto` (`pre_codigo`) ON DELETE NO ACTION ON UPDATE NO ACTION,
  CONSTRAINT `presupuesto_detalle_mo_ibfk_2` FOREIGN KEY (`mdo_codigo`) REFERENCES `mano_de_obra` (`mdo_codigo`) ON DELETE NO ACTION ON UPDATE NO ACTION
) ENGINE=InnoDB DEFAULT CHARSET=latin1;
/*!40101 SET character_set_client = @saved_cs_client */;

--
-- Dumping data for table `presupuesto_detalle_mo`
--

LOCK TABLES `presupuesto_detalle_mo` WRITE;
/*!40000 ALTER TABLE `presupuesto_detalle_mo` DISABLE KEYS */;
INSERT INTO `presupuesto_detalle_mo` VALUES (8,1,10,230.00),(8,2,100,1200.00),(9,1,20,2000.00),(9,2,130,11700.00),(10,1,10,900.00),(10,2,15,1650.00),(10,3,5,615.00),(11,2,6,138.00),(11,3,4,180.00);
/*!40000 ALTER TABLE `presupuesto_detalle_mo` ENABLE KEYS */;
UNLOCK TABLES;

--
-- Table structure for table `presupuesto_has_items`
--

DROP TABLE IF EXISTS `presupuesto_has_items`;
/*!40101 SET @saved_cs_client     = @@character_set_client */;
/*!40101 SET character_set_client = utf8 */;
CREATE TABLE `presupuesto_has_items` (
  `ite_codigo` int(10) unsigned NOT NULL,
  `pre_codigo` int(10) unsigned NOT NULL,
  `uni_codig2` int(10) unsigned NOT NULL,
  `uni_codig1` int(10) unsigned NOT NULL,
  `uni_codigo` int(10) unsigned NOT NULL,
  `rub_codigo` int(10) unsigned NOT NULL,
  `pdt_cantid` float(10,3) DEFAULT NULL,
  `pdt_cancon` float(10,3) DEFAULT NULL,
  `pdt_totmat` float(10,3) DEFAULT NULL,
  `pdt_medcom` float(10,3) DEFAULT NULL,
  `pdi_total` float(10,3) DEFAULT NULL,
  `pdi_preuni` float(10,2) DEFAULT NULL,
  `pdi_subtot` float(10,2) DEFAULT NULL,
  KEY `presupuesto_has_items_FKIndex1` (`pre_codigo`),
  KEY `presupuesto_has_items_FKIndex2` (`ite_codigo`),
  KEY `presupuesto_has_items_FKIndex3` (`rub_codigo`),
  KEY `presupuesto_has_items_FKIndex4` (`uni_codigo`),
  KEY `presupuesto_has_items_FKIndex5` (`uni_codig1`),
  KEY `presupuesto_has_items_FKIndex6` (`uni_codig2`),
  CONSTRAINT `presupuesto_has_items_ibfk_3` FOREIGN KEY (`rub_codigo`) REFERENCES `rubro` (`rub_codigo`) ON DELETE NO ACTION ON UPDATE NO ACTION,
  CONSTRAINT `presupuesto_has_items_ibfk_4` FOREIGN KEY (`uni_codigo`) REFERENCES `unidades` (`uni_codigo`) ON DELETE NO ACTION ON UPDATE NO ACTION,
  CONSTRAINT `presupuesto_has_items_ibfk_5` FOREIGN KEY (`uni_codig1`) REFERENCES `unidades` (`uni_codigo`) ON DELETE NO ACTION ON UPDATE NO ACTION,
  CONSTRAINT `presupuesto_has_items_ibfk_6` FOREIGN KEY (`uni_codig2`) REFERENCES `unidades` (`uni_codigo`) ON DELETE NO ACTION ON UPDATE NO ACTION
) ENGINE=InnoDB DEFAULT CHARSET=latin1;
/*!40101 SET character_set_client = @saved_cs_client */;

--
-- Dumping data for table `presupuesto_has_items`
--

LOCK TABLES `presupuesto_has_items` WRITE;
/*!40000 ALTER TABLE `presupuesto_has_items` DISABLE KEYS */;
INSERT INTO `presupuesto_has_items` VALUES (2,5,2,2,2,4,0.750,5.000,3.750,6.000,1.000,850.00,531.25),(4,5,4,7,19,4,300.000,5.000,1500.000,50.000,30.000,80.00,2400.00),(5,5,5,6,6,4,12.000,5.000,60.000,1.000,60.000,39.00,2340.00),(6,5,5,6,6,4,12.000,5.000,60.000,1.000,60.000,63.00,3780.00),(8,5,2,14,2,4,0.750,5.000,3.750,1.500,3.000,300.00,750.00),(9,5,5,6,6,4,12.000,5.000,60.000,1.000,60.000,97.00,5820.00),(10,5,7,7,13,4,1.000,5.000,5.000,1.000,5.000,0.00,0.00),(11,5,7,7,13,4,1.000,5.000,5.000,1.000,5.000,0.00,0.00),(2,5,2,2,2,4,1.000,1.000,1.000,6.000,0.000,850.00,141.67),(11,5,7,7,13,6,1.000,5.000,5.000,1.000,5.000,0.00,0.00),(2,5,2,2,2,6,0.750,5.000,3.750,6.000,1.000,850.00,531.25),(4,5,4,7,19,6,300.000,5.000,1500.000,50.000,30.000,80.00,2400.00),(10,5,7,7,13,6,1.000,5.000,5.000,1.000,5.000,0.00,0.00),(5,5,5,6,6,6,12.000,5.000,60.000,1.000,60.000,39.00,2340.00),(6,5,5,6,6,6,12.000,5.000,60.000,1.000,60.000,63.00,3780.00),(8,5,2,14,2,6,0.750,5.000,3.750,1.500,3.000,300.00,750.00),(11,6,7,7,13,4,1.000,5.000,5.000,1.000,5.000,0.00,0.00),(2,6,2,2,2,4,0.750,5.000,3.750,6.000,1.000,850.00,531.25),(4,6,4,7,19,4,300.000,5.000,1500.000,50.000,30.000,80.00,2400.00),(10,6,7,7,13,4,1.000,5.000,5.000,1.000,5.000,0.00,0.00),(9,6,5,6,6,4,12.000,5.000,60.000,1.000,60.000,97.00,5820.00),(5,6,5,6,6,4,12.000,5.000,60.000,1.000,60.000,39.00,2340.00),(6,6,5,6,6,4,12.000,5.000,60.000,1.000,60.000,63.00,3780.00),(8,6,2,14,2,4,0.750,5.000,3.750,1.500,3.000,300.00,750.00),(11,6,7,7,13,7,1.000,5.000,5.000,1.000,5.000,0.00,0.00),(2,6,2,2,2,7,0.750,5.000,3.750,6.000,1.000,850.00,531.25),(4,6,4,7,19,7,300.000,5.000,1500.000,50.000,30.000,80.00,2400.00),(10,6,7,7,13,7,1.000,5.000,5.000,1.000,5.000,0.00,0.00),(9,6,5,6,6,7,12.000,5.000,60.000,1.000,60.000,97.00,5820.00),(5,6,5,6,6,7,12.000,5.000,60.000,1.000,60.000,39.00,2340.00),(8,6,2,14,2,7,0.750,5.000,3.750,1.500,3.000,300.00,750.00),(11,7,7,7,13,4,1.000,5.000,5.000,1.000,5.000,0.00,0.00),(2,7,2,2,2,4,0.750,5.000,3.750,6.000,1.000,850.00,850.00),(4,7,4,7,19,4,300.000,5.000,1500.000,50.000,30.000,80.00,2400.00),(10,7,7,7,13,4,1.000,5.000,5.000,1.000,5.000,0.00,0.00),(9,7,5,6,6,4,12.000,5.000,60.000,1.000,60.000,97.00,5820.00),(5,7,5,6,6,4,12.000,5.000,60.000,1.000,60.000,39.00,2340.00),(6,7,5,6,6,4,12.000,5.000,60.000,1.000,60.000,63.00,3780.00),(8,7,2,14,2,4,0.750,5.000,3.750,1.500,3.000,300.00,900.00),(11,7,7,7,13,5,1.000,5.000,5.000,1.000,5.000,0.00,0.00),(2,7,2,2,2,5,0.750,5.000,3.750,6.000,1.000,850.00,850.00),(4,7,4,7,19,5,300.000,5.000,1500.000,50.000,30.000,80.00,2400.00),(10,7,7,7,13,5,1.000,5.000,5.000,1.000,5.000,0.00,0.00),(9,7,5,6,6,5,12.000,5.000,60.000,1.000,60.000,97.00,5820.00),(5,7,5,6,6,5,12.000,5.000,60.000,1.000,60.000,39.00,2340.00),(6,7,5,6,6,5,12.000,5.000,60.000,1.000,60.000,63.00,3780.00),(8,7,2,14,2,5,0.750,5.000,3.750,1.500,3.000,300.00,900.00),(11,7,7,7,13,8,1.000,6.000,6.000,1.000,6.000,0.00,0.00),(2,7,2,2,2,8,0.750,6.000,4.500,6.000,1.000,850.00,850.00),(4,7,4,7,19,8,300.000,6.000,1800.000,50.000,36.000,80.00,2880.00),(10,7,7,7,13,8,1.000,6.000,6.000,1.000,6.000,0.00,0.00),(28,7,5,6,6,8,12.000,6.000,72.000,1.000,72.000,61.00,4392.00),(5,7,5,6,6,8,12.000,6.000,72.000,1.000,72.000,39.00,2808.00),(8,7,2,14,2,8,0.750,6.000,4.500,1.500,3.000,300.00,900.00),(11,7,7,7,13,6,1.000,10.000,10.000,1.000,10.000,0.00,0.00),(2,7,2,2,2,6,0.750,10.000,7.500,6.000,1.000,850.00,850.00),(4,7,4,7,19,6,300.000,10.000,3000.000,50.000,60.000,80.00,4800.00),(10,7,7,7,13,6,1.000,10.000,10.000,1.000,10.000,0.00,0.00),(5,7,5,6,6,6,12.000,10.000,120.000,1.000,120.000,39.00,4680.00),(6,7,5,6,6,6,12.000,10.000,120.000,1.000,120.000,63.00,7560.00),(8,7,2,14,2,6,0.750,10.000,7.500,1.500,5.000,300.00,1500.00),(11,8,7,7,13,4,1.000,5.000,5.000,1.000,5.000,0.00,0.00),(2,8,2,2,2,4,0.750,5.000,3.750,6.000,1.000,850.00,850.00),(4,8,4,7,19,4,300.000,5.000,1500.000,50.000,30.000,80.00,2400.00),(10,8,7,7,13,4,1.000,5.000,5.000,1.000,5.000,0.00,0.00),(9,8,5,6,6,4,12.000,5.000,60.000,1.000,60.000,97.00,5820.00),(5,8,5,6,6,4,12.000,5.000,60.000,1.000,60.000,39.00,2340.00),(6,8,5,6,6,4,12.000,5.000,60.000,1.000,60.000,63.00,3780.00),(8,8,2,14,2,4,0.750,5.000,3.750,1.500,3.000,300.00,900.00),(11,9,7,7,13,4,1.000,5.000,5.000,1.000,5.000,0.00,0.00),(2,9,2,2,2,4,0.750,5.000,3.750,6.000,1.000,850.00,850.00),(4,9,4,7,19,4,300.000,5.000,1500.000,50.000,30.000,80.00,2400.00),(10,9,7,7,13,4,1.000,5.000,5.000,1.000,5.000,0.00,0.00),(9,9,5,6,6,4,12.000,5.000,60.000,1.000,60.000,97.00,5820.00),(5,9,5,6,6,4,12.000,5.000,60.000,1.000,60.000,39.00,2340.00),(6,9,5,6,6,4,12.000,5.000,60.000,1.000,60.000,63.00,3780.00),(8,9,2,14,2,4,0.750,5.000,3.750,1.500,3.000,300.00,900.00),(11,9,7,7,13,5,1.000,3.000,3.000,1.000,3.000,0.00,0.00),(2,9,2,2,2,5,0.750,3.000,2.250,6.000,0.000,850.00,0.00),(4,9,4,7,19,5,300.000,3.000,900.000,50.000,18.000,80.00,1440.00),(10,9,7,7,13,5,1.000,3.000,3.000,1.000,3.000,0.00,0.00),(9,9,5,6,6,5,12.000,3.000,36.000,1.000,36.000,97.00,3492.00),(5,9,5,6,6,5,12.000,3.000,36.000,1.000,36.000,39.00,1404.00),(6,9,5,6,6,5,12.000,3.000,36.000,1.000,36.000,63.00,2268.00),(8,9,2,14,2,5,0.750,3.000,2.250,1.500,2.000,300.00,600.00),(11,9,7,7,13,7,1.000,6.000,6.000,1.000,6.000,0.00,0.00),(2,9,2,2,2,7,0.750,6.000,4.500,6.000,1.000,850.00,850.00),(4,9,4,7,19,7,300.000,6.000,1800.000,50.000,36.000,80.00,2880.00),(10,9,7,7,13,7,1.000,6.000,6.000,1.000,6.000,0.00,0.00),(9,9,5,6,6,7,12.000,6.000,72.000,1.000,72.000,97.00,6984.00),(5,9,5,6,6,7,12.000,6.000,72.000,1.000,72.000,39.00,2808.00),(8,9,2,14,2,7,0.750,6.000,4.500,1.500,3.000,300.00,900.00),(11,9,7,7,13,8,1.000,3.000,3.000,1.000,3.000,0.00,0.00),(2,9,2,2,2,8,0.750,3.000,2.250,6.000,0.000,850.00,0.00),(4,9,4,7,19,8,300.000,3.000,900.000,50.000,18.000,80.00,1440.00),(10,9,7,7,13,8,1.000,3.000,3.000,1.000,3.000,0.00,0.00),(28,9,5,6,6,8,12.000,3.000,36.000,1.000,36.000,61.00,2196.00),(5,9,5,6,6,8,12.000,3.000,36.000,1.000,36.000,39.00,1404.00),(8,9,2,14,2,8,0.750,3.000,2.250,1.500,2.000,300.00,600.00),(2,9,2,2,2,11,0.050,5.000,0.250,6.000,0.000,850.00,0.00),(3,9,2,7,19,11,7.800,5.000,39.000,25.000,2.000,40.00,80.00),(4,9,4,7,19,11,4.500,5.000,22.500,50.000,0.000,80.00,0.00),(8,9,2,14,2,11,0.076,5.000,0.380,1.500,0.000,300.00,0.00),(11,10,7,7,13,4,1.000,3.000,3.000,1.000,3.000,0.00,0.00),(2,10,2,2,2,4,0.750,3.000,2.250,6.000,0.000,850.00,0.00),(4,10,4,7,19,4,300.000,3.000,900.000,50.000,18.000,80.00,1440.00),(10,10,7,7,13,4,1.000,3.000,3.000,1.000,3.000,0.00,0.00),(9,10,5,6,6,4,12.000,3.000,36.000,1.000,36.000,97.00,3492.00),(5,10,5,6,6,4,12.000,3.000,36.000,1.000,36.000,39.00,1404.00),(6,10,5,6,6,4,12.000,3.000,36.000,1.000,36.000,63.00,2268.00),(8,10,2,14,2,4,0.750,3.000,2.250,1.500,2.000,300.00,600.00),(11,10,7,7,13,5,1.000,4.000,4.000,1.000,4.000,0.00,0.00),(2,10,2,2,2,5,0.750,4.000,3.000,6.000,1.000,850.00,850.00),(4,10,4,7,19,5,300.000,4.000,1200.000,50.000,24.000,80.00,1920.00),(10,10,7,7,13,5,1.000,4.000,4.000,1.000,4.000,0.00,0.00),(9,10,5,6,6,5,12.000,4.000,48.000,1.000,48.000,97.00,4656.00),(5,10,5,6,6,5,12.000,4.000,48.000,1.000,48.000,39.00,1872.00),(6,10,5,6,6,5,12.000,4.000,48.000,1.000,48.000,63.00,3024.00),(8,10,2,14,2,5,0.750,4.000,3.000,1.500,2.000,300.00,600.00),(11,10,7,7,13,6,1.000,6.000,6.000,1.000,6.000,0.00,0.00),(2,10,2,2,2,6,0.750,6.000,4.500,6.000,1.000,850.00,850.00),(4,10,4,7,19,6,300.000,6.000,1800.000,50.000,36.000,80.00,2880.00),(10,10,7,7,13,6,1.000,6.000,6.000,1.000,6.000,0.00,0.00),(5,10,5,6,6,6,12.000,6.000,72.000,1.000,72.000,39.00,2808.00),(6,10,5,6,6,6,12.000,6.000,72.000,1.000,72.000,63.00,4536.00),(8,10,2,14,2,6,0.750,6.000,4.500,1.500,3.000,300.00,900.00),(11,10,7,7,13,8,1.000,3.000,3.000,1.000,3.000,0.00,0.00),(2,10,2,2,2,8,0.750,3.000,2.250,6.000,0.000,850.00,0.00),(4,10,4,7,19,8,300.000,3.000,900.000,50.000,18.000,80.00,1440.00),(10,10,7,7,13,8,1.000,3.000,3.000,1.000,3.000,0.00,0.00),(28,10,5,6,6,8,12.000,3.000,36.000,1.000,36.000,61.00,2196.00),(5,10,5,6,6,8,12.000,3.000,36.000,1.000,36.000,39.00,1404.00),(8,10,2,14,2,8,0.750,3.000,2.250,1.500,2.000,300.00,600.00),(2,10,2,2,2,10,0.030,3.000,0.090,6.000,0.000,850.00,0.00),(4,10,4,7,20,10,5.000,3.000,15.000,50.000,0.000,80.00,0.00),(20,10,15,7,20,10,0.500,3.000,1.500,20.000,0.000,150.00,0.00),(21,10,16,3,13,10,1.000,3.000,3.000,1.000,3.000,320.00,960.00),(22,10,17,7,21,10,1.000,3.000,3.000,20.000,0.000,240.00,0.00),(11,11,7,7,13,4,1.000,5.000,5.000,1.000,5.000,0.00,0.00),(2,11,2,2,2,4,0.750,5.000,3.750,6.000,1.000,850.00,850.00),(4,11,4,7,19,4,300.000,5.000,1500.000,50.000,30.000,80.00,2400.00),(10,11,7,7,13,4,1.000,5.000,5.000,1.000,5.000,0.00,0.00),(9,11,5,6,6,4,12.000,5.000,60.000,1.000,60.000,97.00,5820.00),(5,11,5,6,6,4,12.000,5.000,60.000,1.000,60.000,39.00,2340.00),(6,11,5,6,6,4,12.000,5.000,60.000,1.000,60.000,63.00,3780.00),(8,11,2,14,2,4,0.750,5.000,3.750,1.500,3.000,300.00,900.00),(11,11,7,7,13,7,1.000,6.000,6.000,1.000,6.000,0.00,0.00),(2,11,2,2,2,7,0.750,6.000,4.500,6.000,1.000,850.00,850.00),(4,11,4,7,19,7,300.000,6.000,1800.000,50.000,36.000,80.00,2880.00),(10,11,7,7,13,7,1.000,6.000,6.000,1.000,6.000,0.00,0.00),(9,11,5,6,6,7,12.000,6.000,72.000,1.000,72.000,97.00,6984.00),(5,11,5,6,6,7,12.000,6.000,72.000,1.000,72.000,39.00,2808.00),(8,11,2,14,2,7,0.750,6.000,4.500,1.500,3.000,300.00,900.00),(11,12,7,7,13,4,1.000,2.000,2.000,1.000,2.000,0.00,0.00),(2,12,2,2,2,4,0.750,2.000,1.500,6.000,0.000,850.00,0.00),(4,12,4,7,19,4,300.000,2.000,600.000,50.000,12.000,80.00,960.00),(10,12,7,7,13,4,1.000,2.000,2.000,1.000,2.000,0.00,0.00),(9,12,5,6,6,4,12.000,2.000,24.000,1.000,24.000,97.00,2328.00),(5,12,5,6,6,4,12.000,2.000,24.000,1.000,24.000,39.00,936.00),(6,12,5,6,6,4,12.000,2.000,24.000,1.000,24.000,63.00,1512.00),(8,12,2,14,2,4,0.750,2.000,1.500,1.500,1.000,300.00,300.00),(11,12,7,7,13,6,1.000,5.000,5.000,1.000,5.000,0.00,0.00),(2,12,2,2,2,6,0.750,5.000,3.750,6.000,1.000,850.00,850.00),(4,12,4,7,19,6,300.000,5.000,1500.000,50.000,30.000,80.00,2400.00),(10,12,7,7,13,6,1.000,5.000,5.000,1.000,5.000,0.00,0.00),(5,12,5,6,6,6,12.000,5.000,60.000,1.000,60.000,39.00,2340.00),(6,12,5,6,6,6,12.000,5.000,60.000,1.000,60.000,63.00,3780.00),(8,12,2,14,2,6,0.750,5.000,3.750,1.500,3.000,300.00,900.00);
/*!40000 ALTER TABLE `presupuesto_has_items` ENABLE KEYS */;
UNLOCK TABLES;

--
-- Table structure for table `proveedor`
--

DROP TABLE IF EXISTS `proveedor`;
/*!40101 SET @saved_cs_client     = @@character_set_client */;
/*!40101 SET character_set_client = utf8 */;
CREATE TABLE `proveedor` (
  `pro_codigo` int(10) unsigned NOT NULL AUTO_INCREMENT,
  `pro_nombre` varchar(50) DEFAULT NULL,
  `pro_domici` varchar(50) DEFAULT NULL,
  `pro_telefo` varchar(50) DEFAULT NULL,
  PRIMARY KEY (`pro_codigo`)
) ENGINE=InnoDB AUTO_INCREMENT=20 DEFAULT CHARSET=latin1;
/*!40101 SET character_set_client = @saved_cs_client */;

--
-- Dumping data for table `proveedor`
--

LOCK TABLES `proveedor` WRITE;
/*!40000 ALTER TABLE `proveedor` DISABLE KEYS */;
INSERT INTO `proveedor` VALUES (1,'EL MOLINO',' ',' '),(2,'CORRALON AZUL',' ',' '),(3,'CASA ROLGA',' ',' '),(4,'ELECTRONICA SARABIA',' ',' '),(5,'DON PASCUAL',' ',' '),(6,'EL BUEN AMIGO',' ITALIA Y CORDOBA',' 422715'),(7,'SANITARIOS CLORINDA','AV ROQUE SAENZ PEÑA','422834'),(8,'LADRILLOS PINAZO',' ',' '),(9,'LADRILLOS RUIZ DIAZ',' ',' '),(10,'LAS PIEDRAS',' ',' '),(11,'PINTURERIA GAMA',' ',' '),(12,'PINTURERIA MATICOLOR',' ',' '),(13,'EL RIOJANO',' ',' '),(14,'DAECO CUELLAR',' ',' '),(15,'CARPINTERIA DAVID',' ',' '),(16,'FIBROFOR ',' ',' '),(17,'CAJA ESTUDIO',' ',' '),(18,'CRISOL',' ',' '),(19,'CASA ROLGA SUCURSAL',' ',' ');
/*!40000 ALTER TABLE `proveedor` ENABLE KEYS */;
UNLOCK TABLES;

--
-- Table structure for table `retiros`
--

DROP TABLE IF EXISTS `retiros`;
/*!40101 SET @saved_cs_client     = @@character_set_client */;
/*!40101 SET character_set_client = utf8 */;
CREATE TABLE `retiros` (
  `ret_codigo` int(10) unsigned NOT NULL AUTO_INCREMENT,
  `pro_codigo` int(10) unsigned NOT NULL,
  `obr_codigo` int(10) unsigned NOT NULL,
  `usu_codigo` int(10) unsigned NOT NULL,
  `ret_fechor` datetime DEFAULT NULL,
  `ret_monto` float(10,2) DEFAULT NULL,
  `ret_estado` varchar(15) DEFAULT 'ACTIVO',
  `ret_apagar` float(10,2) DEFAULT '0.00',
  PRIMARY KEY (`ret_codigo`),
  KEY `retiros_FKIndex1` (`usu_codigo`),
  KEY `retiros_FKIndex2` (`obr_codigo`),
  KEY `retiros_FKIndex3` (`pro_codigo`),
  CONSTRAINT `retiros_ibfk_1` FOREIGN KEY (`usu_codigo`) REFERENCES `usuarios` (`usu_codigo`) ON DELETE NO ACTION ON UPDATE NO ACTION,
  CONSTRAINT `retiros_ibfk_2` FOREIGN KEY (`obr_codigo`) REFERENCES `obras` (`obr_codigo`) ON DELETE NO ACTION ON UPDATE NO ACTION,
  CONSTRAINT `retiros_ibfk_3` FOREIGN KEY (`pro_codigo`) REFERENCES `proveedor` (`pro_codigo`) ON DELETE NO ACTION ON UPDATE NO ACTION
) ENGINE=InnoDB AUTO_INCREMENT=119 DEFAULT CHARSET=latin1;
/*!40101 SET character_set_client = @saved_cs_client */;

--
-- Dumping data for table `retiros`
--

LOCK TABLES `retiros` WRITE;
/*!40000 ALTER TABLE `retiros` DISABLE KEYS */;
INSERT INTO `retiros` VALUES (1,3,8,1,'2014-04-09 17:25:17',120.00,'ANULADO',0.00),(2,2,14,1,'2014-04-09 17:30:19',300.00,'ANULADO',0.00),(3,2,14,1,'2014-04-09 17:32:37',300.00,'ANULADO',0.00),(4,6,12,1,'2014-04-09 18:35:35',32.80,'ANULADO',0.00),(5,2,14,1,'2014-04-09 18:38:32',80.00,'ANULADO',0.00),(6,6,4,1,'2014-04-16 16:09:35',16.00,'ANULADO',0.00),(7,3,2,1,'2014-04-21 15:17:24',110.00,'ACTIVO',0.00),(8,3,3,1,'2014-04-21 08:53:08',110.00,'ACTIVO',0.00),(9,3,11,1,'2014-04-22 09:38:16',466.00,'ACTIVO',0.00),(10,3,7,1,'2014-04-22 18:05:31',883.00,'ACTIVO',0.00),(11,6,4,1,'2014-04-24 11:10:29',0.00,'ACTIVO',0.00),(12,6,3,1,'2014-04-23 09:09:06',0.00,'ACTIVO',0.00),(13,3,12,1,'2014-04-24 08:04:15',126.00,'ACTIVO',0.00),(14,2,1,1,'2014-04-24 09:12:50',207.00,'ACTIVO',0.00),(15,2,14,1,'2014-04-24 10:16:18',1996.00,'ACTIVO',0.00),(16,2,8,1,'2014-04-24 10:17:56',1380.00,'ACTIVO',0.00),(17,2,8,1,'2014-04-24 10:18:56',475.00,'ACTIVO',0.00),(18,1,3,1,'2014-04-24 10:20:23',0.00,'ACTIVO',0.00),(19,2,4,1,'2014-04-24 16:40:30',340.00,'ACTIVO',0.00),(20,2,8,1,'2014-04-25 16:38:16',875.00,'ACTIVO',0.00),(21,3,14,1,'2014-04-28 07:55:58',738.00,'ANULADO',0.00),(22,2,10,1,'2014-04-28 08:01:06',850.00,'ACTIVO',0.00),(23,3,14,1,'2014-04-29 16:49:20',294.00,'ACTIVO',0.00),(24,2,10,1,'2014-04-28 10:04:13',850.00,'ACTIVO',0.00),(25,2,1,1,'2014-04-29 16:04:36',90.00,'ACTIVO',0.00),(26,2,8,1,'2014-04-28 16:06:33',116.00,'ACTIVO',0.00),(27,7,8,1,'2014-04-28 15:45:42',30.00,'ACTIVO',0.00),(28,6,4,1,'2014-04-30 08:28:21',414.00,'ACTIVO',0.00),(29,2,4,1,'2014-04-29 09:32:28',1525.00,'ACTIVO',0.00),(30,2,14,1,'2014-04-29 15:13:50',28.00,'ACTIVO',0.00),(31,4,14,1,'2014-04-29 16:47:55',533.00,'ACTIVO',0.00),(32,4,14,1,'2014-04-29 17:05:25',22.50,'ACTIVO',0.00),(33,2,12,1,'2014-04-29 18:22:23',3010.00,'ACTIVO',0.00),(34,2,8,1,'2014-04-29 18:24:01',60.00,'ACTIVO',0.00),(35,6,4,1,'2014-05-08 08:12:23',28.00,'ACTIVO',0.00),(36,6,2,1,'2014-05-02 10:43:36',48.00,'ACTIVO',0.00),(37,2,10,1,'2014-05-02 11:03:09',1275.00,'ACTIVO',0.00),(38,6,3,1,'2014-05-02 15:59:10',0.00,'ANULADO',0.00),(39,6,3,1,'2014-05-08 08:12:46',500.00,'ACTIVO',0.00),(40,2,7,1,'2014-05-06 10:00:09',291.00,'ACTIVO',0.00),(41,2,10,1,'2014-05-06 10:57:05',2090.00,'ACTIVO',0.00),(42,2,8,1,'2014-05-06 11:09:36',805.00,'ACTIVO',0.00),(43,6,16,1,'2014-05-08 08:13:13',168.00,'ACTIVO',0.00),(44,6,4,1,'2014-05-08 08:14:13',3833.00,'ACTIVO',0.00),(45,2,8,1,'2014-05-06 16:23:46',60.00,'ACTIVO',0.00),(46,2,11,1,'2014-05-07 10:22:43',1068.00,'ACTIVO',0.00),(47,6,1,1,'2014-05-07 15:26:02',253.00,'ACTIVO',0.00),(48,3,7,1,'2014-05-07 15:49:50',191.50,'ACTIVO',0.00),(49,2,1,1,'2014-05-08 09:54:57',212.00,'ACTIVO',0.00),(50,2,8,1,'2014-05-09 15:15:44',36.00,'ACTIVO',0.00),(51,2,7,1,'2014-05-09 17:53:35',130.00,'ACTIVO',0.00),(52,2,14,1,'2014-05-09 18:11:40',56.00,'ACTIVO',0.00),(53,2,12,1,'2014-05-12 08:32:37',148.00,'ACTIVO',0.00),(54,2,4,1,'2014-05-12 08:39:42',343.00,'ACTIVO',0.00),(55,6,4,1,'2014-05-12 08:49:37',0.00,'ANULADO',0.00),(56,6,1,1,'2014-05-12 08:55:17',0.00,'ACTIVO',0.00),(57,6,9,1,'2014-05-12 09:16:58',0.00,'ACTIVO',0.00),(58,6,4,1,'2014-05-13 08:24:49',16.00,'ACTIVO',0.00),(59,6,3,1,'2014-05-13 11:37:58',0.00,'ACTIVO',0.00),(60,2,7,1,'2014-05-15 09:03:36',255.00,'ACTIVO',0.00),(61,2,11,1,'2014-05-15 09:06:48',658.00,'ACTIVO',0.00),(62,6,9,1,'2014-05-15 11:41:32',0.00,'ACTIVO',0.00),(63,6,9,1,'2014-05-15 11:43:30',0.00,'ACTIVO',0.00),(64,6,9,1,'2014-05-15 11:43:55',0.00,'ACTIVO',0.00),(65,6,7,1,'2014-05-15 11:54:37',128.00,'ACTIVO',0.00),(66,6,7,1,'2014-05-15 11:55:00',128.00,'ACTIVO',0.00),(67,2,11,1,'2014-05-15 18:01:50',850.00,'ACTIVO',0.00),(68,2,11,1,'2014-05-15 18:02:20',85.00,'ACTIVO',0.00),(69,2,11,1,'2014-05-16 11:26:29',332.00,'ACTIVO',0.00),(70,6,9,1,'2014-05-16 15:12:11',0.00,'ACTIVO',0.00),(71,2,17,1,'2014-05-16 15:34:59',850.00,'ACTIVO',0.00),(72,6,9,1,'2014-05-16 17:12:52',0.00,'ACTIVO',0.00),(73,3,4,1,'2014-05-19 09:14:11',1310.00,'ACTIVO',0.00),(74,2,12,1,'2014-05-19 10:44:05',148.00,'ACTIVO',0.00),(75,2,14,1,'2014-05-20 08:42:25',112.00,'ACTIVO',0.00),(76,2,11,1,'2014-05-20 10:21:48',154.00,'ACTIVO',0.00),(77,6,7,1,'2014-05-20 11:25:39',0.00,'ACTIVO',0.00),(78,6,7,1,'2014-06-03 11:31:06',104.00,'ACTIVO',0.00),(79,6,8,1,'2014-05-28 09:58:23',134.00,'ACTIVO',0.00),(80,6,3,1,'2014-06-03 11:30:06',15.00,'ACTIVO',0.00),(81,6,7,1,'2014-06-03 11:31:25',18.00,'ACTIVO',0.00),(82,6,3,1,'2014-06-03 11:30:27',100.00,'ACTIVO',0.00),(83,6,10,1,'2014-05-28 17:34:41',1610.00,'ACTIVO',0.00),(84,6,10,1,'2014-05-28 17:34:30',111.00,'ACTIVO',0.00),(85,6,12,1,'2014-05-27 08:48:49',0.00,'ACTIVO',0.00),(86,3,8,1,'2014-05-27 10:04:48',182.50,'ACTIVO',0.00),(87,6,9,1,'2014-05-27 10:48:35',166.00,'ACTIVO',0.00),(88,6,9,1,'2014-05-28 09:48:31',40.00,'ACTIVO',0.00),(89,7,8,1,'2014-05-28 11:27:55',198.00,'ACTIVO',0.00),(90,16,10,1,'2014-05-28 17:26:55',80.00,'ACTIVO',0.00),(91,17,10,1,'2014-05-28 17:29:20',200.00,'ACTIVO',0.00),(92,3,8,1,'2014-05-29 09:00:54',1250.00,'ACTIVO',0.00),(93,6,10,1,'2014-05-29 08:59:53',0.00,'ACTIVO',0.00),(94,3,8,1,'2014-05-29 10:16:37',287.00,'ACTIVO',0.00),(95,7,7,1,'2014-05-29 10:20:05',208.00,'ACTIVO',0.00),(96,2,14,1,'2014-05-29 10:38:37',112.00,'ACTIVO',0.00),(97,2,17,1,'2014-05-29 10:43:47',1218.00,'ACTIVO',0.00),(98,2,8,1,'2014-05-29 10:44:18',85.00,'ACTIVO',0.00),(99,2,17,1,'2014-05-29 10:45:14',17.00,'ACTIVO',0.00),(100,6,12,1,'2014-05-30 08:40:09',330.00,'ACTIVO',0.00),(101,2,4,1,'2014-05-30 08:43:25',136.00,'ACTIVO',0.00),(102,3,8,1,'2014-05-30 09:31:46',435.00,'ACTIVO',0.00),(103,7,8,1,'2014-05-30 11:09:28',444.00,'ACTIVO',0.00),(104,6,8,1,'2014-06-02 09:08:56',50.00,'ACTIVO',0.00),(105,2,4,1,'2014-06-02 09:10:12',130.00,'ACTIVO',0.00),(106,2,8,1,'2014-06-02 15:36:18',120.00,'ACTIVO',0.00),(107,6,14,1,'2014-06-03 16:07:52',0.00,'ACTIVO',0.00),(108,2,14,1,'2014-06-05 08:59:14',84.00,'ACTIVO',0.00),(109,6,8,1,'2014-06-05 10:39:52',31.00,'ACTIVO',0.00),(110,19,8,1,'2014-06-06 09:53:38',690.00,'ACTIVO',0.00),(111,6,14,1,'2014-06-06 10:06:27',0.00,'ACTIVO',0.00),(112,2,17,1,'2014-06-06 11:40:39',120.00,'ACTIVO',0.00),(113,7,7,1,'2014-06-06 16:57:32',130.00,'ACTIVO',0.00),(114,6,8,1,'2014-06-06 17:01:57',0.00,'ACTIVO',0.00),(115,7,17,1,'2014-06-06 17:05:32',136.00,'ACTIVO',0.00),(116,6,8,1,'2014-06-09 17:30:05',0.00,'ACTIVO',0.00),(117,1,8,1,'2014-06-09 17:32:43',100.00,'ACTIVO',0.00),(118,15,12,1,'2014-06-10 09:47:23',140.00,'ACTIVO',0.00);
/*!40000 ALTER TABLE `retiros` ENABLE KEYS */;
UNLOCK TABLES;

--
-- Table structure for table `retiros1`
--

DROP TABLE IF EXISTS `retiros1`;
/*!40101 SET @saved_cs_client     = @@character_set_client */;
/*!40101 SET character_set_client = utf8 */;
CREATE TABLE `retiros1` (
  `ret_codigo` int(10) unsigned NOT NULL AUTO_INCREMENT,
  `pro_codigo` int(10) unsigned NOT NULL,
  `ret_destin` varchar(50) DEFAULT ' ',
  `usu_codigo` int(10) unsigned NOT NULL,
  `ret_fechor` datetime DEFAULT NULL,
  `ret_monto` float(10,2) DEFAULT NULL,
  `ret_estado` varchar(15) DEFAULT 'ACTIVO',
  PRIMARY KEY (`ret_codigo`),
  KEY `retiros1_FKIndex1` (`usu_codigo`),
  KEY `retiros1_FKIndex3` (`pro_codigo`),
  CONSTRAINT `retiros1_ibfk_1` FOREIGN KEY (`usu_codigo`) REFERENCES `usuarios` (`usu_codigo`) ON DELETE NO ACTION ON UPDATE NO ACTION,
  CONSTRAINT `retiros1_ibfk_3` FOREIGN KEY (`pro_codigo`) REFERENCES `proveedor` (`pro_codigo`) ON DELETE NO ACTION ON UPDATE NO ACTION
) ENGINE=InnoDB AUTO_INCREMENT=4 DEFAULT CHARSET=latin1;
/*!40101 SET character_set_client = @saved_cs_client */;

--
-- Dumping data for table `retiros1`
--

LOCK TABLES `retiros1` WRITE;
/*!40000 ALTER TABLE `retiros1` DISABLE KEYS */;
INSERT INTO `retiros1` VALUES (1,2,'RUBI BERNAL',1,'2014-04-24 08:11:09',340.00,'ACTIVO'),(2,2,'LAURA BERNAL',1,'2014-04-24 10:24:17',305.00,'ACTIVO'),(3,7,'LAURA BERNAL ',1,'2014-04-24 10:30:13',0.00,'ACTIVO');
/*!40000 ALTER TABLE `retiros1` ENABLE KEYS */;
UNLOCK TABLES;

--
-- Table structure for table `retiros_detalle_material`
--

DROP TABLE IF EXISTS `retiros_detalle_material`;
/*!40101 SET @saved_cs_client     = @@character_set_client */;
/*!40101 SET character_set_client = utf8 */;
CREATE TABLE `retiros_detalle_material` (
  `ret_codigo` int(10) unsigned NOT NULL,
  `ite_codigo` int(10) unsigned NOT NULL,
  `rdm_cantid` int(10) unsigned DEFAULT NULL,
  `rdm_subtot` float(10,2) DEFAULT NULL,
  `rdm_unitari` float(10,2) DEFAULT NULL,
  `rdm_pagado` varchar(2) DEFAULT 'SI',
  PRIMARY KEY (`ret_codigo`,`ite_codigo`),
  KEY `retiros_has_items_FKIndex1` (`ret_codigo`),
  KEY `retiros_has_items_FKIndex2` (`ite_codigo`),
  CONSTRAINT `retiros_detalle_material_ibfk_1` FOREIGN KEY (`ret_codigo`) REFERENCES `retiros` (`ret_codigo`) ON DELETE NO ACTION ON UPDATE NO ACTION,
  CONSTRAINT `retiros_detalle_material_ibfk_2` FOREIGN KEY (`ite_codigo`) REFERENCES `items` (`ite_codigo`) ON DELETE NO ACTION ON UPDATE NO ACTION
) ENGINE=InnoDB DEFAULT CHARSET=latin1;
/*!40101 SET character_set_client = @saved_cs_client */;

--
-- Dumping data for table `retiros_detalle_material`
--

LOCK TABLES `retiros_detalle_material` WRITE;
/*!40000 ALTER TABLE `retiros_detalle_material` DISABLE KEYS */;
INSERT INTO `retiros_detalle_material` VALUES (1,29,15,120.00,8.00,'NO'),(2,20,2,300.00,150.00,'NO'),(3,1,2,300.00,150.00,'NO'),(4,30,8,32.80,4.10,'SI'),(5,31,4,80.00,20.00,'NO'),(6,35,1,16.00,16.00,'SI'),(7,36,1,46.00,46.00,'SI'),(7,37,8,64.00,8.00,'SI'),(8,36,1,46.00,46.00,'NO'),(8,37,8,64.00,8.00,'NO'),(9,38,1,30.00,30.00,'NO'),(9,39,1,238.00,238.00,'NO'),(9,40,1,90.00,90.00,'NO'),(9,41,1,96.00,96.00,'NO'),(9,42,1,12.00,12.00,'NO'),(10,43,2,346.00,173.00,'NO'),(10,44,20,300.00,15.00,'NO'),(10,45,10,50.00,5.00,'NO'),(10,46,25,125.00,5.00,'NO'),(10,47,25,50.00,2.00,'NO'),(10,48,1,12.00,12.00,'NO'),(11,49,7,0.00,0.00,'SI'),(11,50,42,0.00,0.00,'SI'),(11,52,18,0.00,0.00,'SI'),(11,58,8,0.00,0.00,'SI'),(11,59,6,0.00,0.00,'SI'),(11,61,20,0.00,0.00,'SI'),(11,63,6,0.00,0.00,'SI'),(12,64,6,0.00,0.00,'NO'),(12,67,2,0.00,0.00,'NO'),(12,69,3,0.00,0.00,'NO'),(12,72,3,0.00,0.00,'NO'),(12,75,1,0.00,0.00,'NO'),(13,38,1,30.00,30.00,'NO'),(13,41,1,96.00,96.00,'NO'),(14,4,2,170.00,85.00,'NO'),(14,20,1,37.00,37.00,'NO'),(15,9,20,1940.00,97.00,'NO'),(15,10,2,56.00,28.00,'NO'),(16,2,3,1380.00,460.00,'NO'),(17,24,5,475.00,95.00,'NO'),(18,25,1,0.00,0.00,'NO'),(19,4,4,340.00,85.00,'NO'),(20,3,10,450.00,45.00,'NO'),(20,4,5,425.00,85.00,'NO'),(21,40,4,256.00,64.00,'SI'),(21,46,60,300.00,5.00,'SI'),(21,48,1,12.00,12.00,'SI'),(21,81,17,170.00,10.00,'SI'),(22,4,10,850.00,85.00,'NO'),(23,40,4,308.00,77.00,'SI'),(23,48,1,12.00,12.00,'SI'),(24,4,10,850.00,85.00,'SI'),(25,33,1,90.00,90.00,'SI'),(26,25,6,72.00,12.00,'SI'),(26,93,1,44.00,44.00,'SI'),(27,85,3,30.00,10.00,'NO'),(28,31,4,0.00,0.00,'SI'),(28,49,1,0.00,0.00,'SI'),(28,50,8,0.00,0.00,'SI'),(28,51,8,0.00,0.00,'SI'),(28,53,3,0.00,0.00,'SI'),(28,86,2,0.00,0.00,'SI'),(28,89,4,0.00,0.00,'SI'),(29,2,1,850.00,850.00,'NO'),(29,3,15,675.00,45.00,'NO'),(30,11,1,28.00,28.00,'SI'),(31,46,60,312.00,5.20,'SI'),(31,81,17,221.00,13.00,'SI'),(32,81,3,22.50,7.50,'SI'),(33,4,30,2550.00,85.00,'SI'),(33,97,1,460.00,460.00,'SI'),(34,95,5,60.00,12.00,'NO'),(34,100,5,0.00,0.00,'NO'),(35,51,3,0.00,0.00,'SI'),(35,53,1,0.00,0.00,'SI'),(36,36,1,48.00,48.00,'SI'),(37,4,15,1275.00,85.00,'SI'),(38,110,1,0.00,0.00,'NO'),(39,110,1,0.00,0.00,'SI'),(39,111,10,0.00,0.00,'SI'),(40,3,2,90.00,45.00,'NO'),(40,4,2,170.00,85.00,'NO'),(40,160,1,31.00,31.00,'NO'),(41,2,1,850.00,850.00,'SI'),(41,3,15,600.00,40.00,'SI'),(41,4,8,640.00,80.00,'SI'),(42,3,5,225.00,45.00,'NO'),(42,4,3,255.00,85.00,'NO'),(42,99,1,325.00,325.00,'NO'),(43,49,1,0.00,0.00,'SI'),(43,50,3,0.00,0.00,'SI'),(43,52,1,0.00,0.00,'SI'),(43,61,1,0.00,0.00,'SI'),(43,159,1,0.00,0.00,'SI'),(43,161,1,0.00,0.00,'SI'),(44,30,3,12.00,4.00,'SI'),(44,76,1,0.00,0.00,'SI'),(44,133,4,0.00,0.00,'SI'),(44,162,1,0.00,0.00,'SI'),(44,163,3,0.00,0.00,'SI'),(44,171,4,0.00,0.00,'SI'),(45,182,5,60.00,12.00,'NO'),(46,3,20,900.00,45.00,'NO'),(46,11,4,112.00,28.00,'NO'),(46,183,2,56.00,28.00,'NO'),(47,187,5,125.00,25.00,'NO'),(47,188,1,128.00,128.00,'NO'),(48,191,10,42.50,4.25,'NO'),(48,192,1,149.00,149.00,'NO'),(49,4,1,85.00,85.00,'NO'),(49,20,1,37.00,37.00,'NO'),(49,33,1,90.00,90.00,'NO'),(50,95,3,36.00,12.00,'NO'),(51,3,1,45.00,45.00,'NO'),(51,4,1,85.00,85.00,'NO'),(52,11,2,56.00,28.00,'SI'),(53,1,1,148.00,148.00,'NO'),(54,6,5,315.00,63.00,'SI'),(54,11,1,28.00,28.00,'SI'),(55,102,1,0.00,0.00,'NO'),(55,103,1,0.00,0.00,'NO'),(55,108,2,0.00,0.00,'NO'),(55,119,1,0.00,0.00,'NO'),(56,193,1,0.00,0.00,'NO'),(57,102,1,0.00,0.00,'NO'),(57,103,1,0.00,0.00,'NO'),(57,108,2,0.00,0.00,'NO'),(57,119,1,0.00,0.00,'NO'),(58,30,4,16.00,4.00,'NO'),(58,124,1,0.00,0.00,'NO'),(59,194,1,0.00,0.00,'NO'),(60,4,3,255.00,85.00,'NO'),(61,6,10,630.00,63.00,'SI'),(61,184,1,28.00,28.00,'SI'),(62,31,1,0.00,0.00,'NO'),(62,49,1,0.00,0.00,'NO'),(62,50,6,0.00,0.00,'NO'),(62,61,6,0.00,0.00,'NO'),(62,75,1,0.00,0.00,'NO'),(62,86,7,0.00,0.00,'NO'),(62,127,20,0.00,0.00,'NO'),(62,162,1,0.00,0.00,'NO'),(62,169,1,0.00,0.00,'NO'),(63,195,1,0.00,0.00,'SI'),(64,195,1,0.00,0.00,'NO'),(65,188,1,128.00,128.00,'SI'),(66,188,1,128.00,128.00,'NO'),(67,4,10,850.00,85.00,'SI'),(68,4,1,85.00,85.00,'NO'),(69,6,5,315.00,63.00,'NO'),(69,84,1,17.00,17.00,'NO'),(70,86,2,0.00,0.00,'NO'),(70,104,1,0.00,0.00,'NO'),(70,109,3,0.00,0.00,'NO'),(70,197,1,0.00,0.00,'NO'),(71,4,10,850.00,85.00,'NO'),(72,198,1,0.00,0.00,'NO'),(73,201,8,560.00,70.00,'NO'),(73,202,5,700.00,140.00,'NO'),(73,203,5,50.00,10.00,'NO'),(74,1,1,148.00,148.00,'SI'),(75,11,4,112.00,28.00,'SI'),(76,6,2,126.00,63.00,'SI'),(76,11,1,28.00,28.00,'NO'),(77,61,2,0.00,0.00,'NO'),(77,127,6,0.00,0.00,'NO'),(77,159,1,0.00,0.00,'NO'),(78,86,1,0.00,0.00,'SI'),(78,127,6,0.00,0.00,'SI'),(79,204,50,0.00,0.00,'SI'),(79,205,36,0.00,0.00,'SI'),(79,206,24,0.00,0.00,'SI'),(79,207,1,30.00,30.00,'SI'),(80,208,4,0.00,0.00,'SI'),(80,209,4,0.00,0.00,'SI'),(81,108,3,0.00,0.00,'SI'),(82,75,1,0.00,0.00,'SI'),(83,77,6,0.00,0.00,'SI'),(83,102,2,0.00,0.00,'SI'),(83,103,1,0.00,0.00,'SI'),(83,104,2,0.00,0.00,'SI'),(83,105,4,0.00,0.00,'SI'),(83,107,6,0.00,0.00,'SI'),(83,108,2,0.00,0.00,'SI'),(83,109,10,0.00,0.00,'SI'),(83,119,3,0.00,0.00,'SI'),(83,172,4,0.00,0.00,'SI'),(83,174,6,0.00,0.00,'SI'),(83,176,6,0.00,0.00,'SI'),(83,177,2,0.00,0.00,'SI'),(84,123,1,0.00,0.00,'SI'),(84,210,1,0.00,0.00,'SI'),(85,77,3,0.00,0.00,'NO'),(85,102,1,0.00,0.00,'NO'),(85,103,1,0.00,0.00,'NO'),(85,104,1,0.00,0.00,'NO'),(85,105,2,0.00,0.00,'NO'),(85,108,2,0.00,0.00,'NO'),(85,109,6,0.00,0.00,'NO'),(85,119,2,0.00,0.00,'NO'),(85,122,1,0.00,0.00,'NO'),(85,172,2,0.00,0.00,'NO'),(85,174,2,0.00,0.00,'NO'),(86,211,2,6.00,3.00,'NO'),(86,212,2,8.50,4.25,'NO'),(86,213,1,36.00,36.00,'NO'),(86,214,2,96.00,48.00,'NO'),(86,215,1,36.00,36.00,'NO'),(87,188,1,128.00,128.00,'NO'),(87,217,1,38.00,38.00,'NO'),(88,218,1,40.00,40.00,'NO'),(89,219,10,130.00,13.00,'NO'),(89,220,1,68.00,68.00,'NO'),(90,92,1,40.00,40.00,'SI'),(90,210,1,35.00,35.00,'SI'),(91,221,1,200.00,200.00,'SI'),(92,222,3,360.00,120.00,'SI'),(92,224,1,890.00,890.00,'SI'),(93,31,1,0.00,0.00,'NO'),(93,53,1,0.00,0.00,'NO'),(93,61,1,0.00,0.00,'NO'),(93,69,2,0.00,0.00,'NO'),(93,86,2,0.00,0.00,'NO'),(93,159,1,0.00,0.00,'NO'),(94,29,20,180.00,9.00,'NO'),(94,226,1,107.00,107.00,'NO'),(95,227,13,169.00,13.00,'NO'),(95,228,3,39.00,13.00,'NO'),(96,10,2,56.00,28.00,'SI'),(96,11,2,56.00,28.00,'SI'),(97,6,18,1134.00,63.00,'NO'),(97,11,3,84.00,28.00,'NO'),(98,4,1,85.00,85.00,'NO'),(99,84,1,17.00,17.00,'SI'),(100,77,3,330.00,110.00,'NO'),(101,220,2,136.00,68.00,'NO'),(102,229,1,365.00,365.00,'NO'),(102,230,1,70.00,70.00,'NO'),(103,231,3,444.00,148.00,'NO'),(104,232,2,50.00,25.00,'SI'),(105,227,10,130.00,13.00,'NO'),(106,219,10,120.00,12.00,'NO'),(107,77,6,0.00,0.00,'NO'),(107,78,2,0.00,0.00,'NO'),(107,90,2,0.00,0.00,'NO'),(107,105,4,0.00,0.00,'NO'),(107,122,1,0.00,0.00,'NO'),(108,11,3,84.00,28.00,'SI'),(109,233,1,31.00,31.00,'NO'),(110,234,1,690.00,690.00,'SI'),(111,49,2,0.00,0.00,'NO'),(111,50,10,0.00,0.00,'NO'),(111,61,10,0.00,0.00,'NO'),(111,62,2,0.00,0.00,'NO'),(111,68,30,0.00,0.00,'NO'),(111,86,8,0.00,0.00,'NO'),(111,127,30,0.00,0.00,'NO'),(111,131,15,0.00,0.00,'NO'),(111,148,10,0.00,0.00,'NO'),(111,150,8,0.00,0.00,'NO'),(111,235,6,0.00,0.00,'NO'),(111,236,10,0.00,0.00,'NO'),(112,219,10,120.00,12.00,'NO'),(113,100,4,0.00,0.00,'NO'),(113,227,10,130.00,13.00,'NO'),(114,49,2,0.00,0.00,'NO'),(114,50,4,0.00,0.00,'NO'),(114,132,1,0.00,0.00,'NO'),(114,145,1,0.00,0.00,'NO'),(115,85,3,0.00,0.00,'NO'),(115,220,2,136.00,68.00,'NO'),(116,49,1,0.00,0.00,'NO'),(116,50,6,0.00,0.00,'NO'),(116,61,2,0.00,0.00,'NO'),(116,69,1,0.00,0.00,'NO'),(116,157,1,0.00,0.00,'NO'),(116,158,1,0.00,0.00,'NO'),(117,237,2,0.00,0.00,'NO'),(118,11,5,140.00,28.00,'SI');
/*!40000 ALTER TABLE `retiros_detalle_material` ENABLE KEYS */;
UNLOCK TABLES;

--
-- Table structure for table `retiros_detalle_material1`
--

DROP TABLE IF EXISTS `retiros_detalle_material1`;
/*!40101 SET @saved_cs_client     = @@character_set_client */;
/*!40101 SET character_set_client = utf8 */;
CREATE TABLE `retiros_detalle_material1` (
  `ret_codigo` int(10) unsigned NOT NULL,
  `ite_codigo` int(10) unsigned NOT NULL,
  `rdm_cantid` int(10) unsigned DEFAULT NULL,
  `rdm_subtot` float(10,2) DEFAULT NULL,
  `rdm_unitari` float(10,2) DEFAULT NULL,
  `rdm_pagado` varchar(2) DEFAULT 'SI',
  PRIMARY KEY (`ret_codigo`,`ite_codigo`),
  KEY `retiros_has_items_FKIndex11` (`ret_codigo`),
  KEY `retiros_has_items_FKIndex21` (`ite_codigo`),
  CONSTRAINT `retiros_detalle_material_ibfk_11` FOREIGN KEY (`ret_codigo`) REFERENCES `retiros` (`ret_codigo`) ON DELETE NO ACTION ON UPDATE NO ACTION,
  CONSTRAINT `retiros_detalle_material_ibfk_21` FOREIGN KEY (`ite_codigo`) REFERENCES `items` (`ite_codigo`) ON DELETE NO ACTION ON UPDATE NO ACTION
) ENGINE=InnoDB DEFAULT CHARSET=latin1;
/*!40101 SET character_set_client = @saved_cs_client */;

--
-- Dumping data for table `retiros_detalle_material1`
--

LOCK TABLES `retiros_detalle_material1` WRITE;
/*!40000 ALTER TABLE `retiros_detalle_material1` DISABLE KEYS */;
INSERT INTO `retiros_detalle_material1` VALUES (1,32,1,340.00,340.00,'NO'),(2,3,3,135.00,45.00,'NO'),(2,4,2,170.00,85.00,'NO'),(3,77,9,0.00,0.00,'NO'),(3,78,4,0.00,0.00,'NO'),(3,79,1,0.00,0.00,'NO');
/*!40000 ALTER TABLE `retiros_detalle_material1` ENABLE KEYS */;
UNLOCK TABLES;

--
-- Table structure for table `rubro`
--

DROP TABLE IF EXISTS `rubro`;
/*!40101 SET @saved_cs_client     = @@character_set_client */;
/*!40101 SET character_set_client = utf8 */;
CREATE TABLE `rubro` (
  `rub_codigo` int(10) unsigned NOT NULL AUTO_INCREMENT,
  `rub_descri` varchar(100) DEFAULT NULL,
  `rub_detalle` varchar(2) DEFAULT 'SI',
  `rub_cerrad` varchar(10) DEFAULT 'CERRADO',
  PRIMARY KEY (`rub_codigo`)
) ENGINE=InnoDB AUTO_INCREMENT=19 DEFAULT CHARSET=latin1;
/*!40101 SET character_set_client = @saved_cs_client */;

--
-- Dumping data for table `rubro`
--

LOCK TABLES `rubro` WRITE;
/*!40000 ALTER TABLE `rubro` DISABLE KEYS */;
INSERT INTO `rubro` VALUES (3,'RELLENO','SI','CERRADO'),(4,'HORMIGON V. ENCADENADO INFERIOR','SI','CERRADO'),(5,'HORMIGON VIGAS','SI','CERRADO'),(6,'HORMIGON V. ENCADENADO SUPERIOR','SI','CERRADO'),(7,'HORMIGON ZAPATAS','SI','CERRADO'),(8,'HORMIGON COLUMNAS ESTRUCTURALES','SI','CERRADO'),(9,'LOSA PRENSADA COPA COMPRESION Y LOSAS MACISAS','SI','CERRADO'),(10,'CAPA AISLADORA HORIZONTAL Y VERTICAL','SI','CERRADO'),(11,'CONTRAPISO ','SI','CERRADO'),(12,'MURO DE ELEVACION','SI','CERRADO'),(13,'REVOQUE PAREDES EXTERNAS','SI','CERRADO'),(14,'COLOCACION DE PISO CERAMICO','SI','CERRADO'),(15,'ELECTRICIDAD','NO','ABIERTO'),(16,'SANITARIAS','NO','ABIERTO'),(17,'CIELORRASO','NO','ABIERTO'),(18,'TECHO CHAPA COLOR','NO','ABIERTO');
/*!40000 ALTER TABLE `rubro` ENABLE KEYS */;
UNLOCK TABLES;

--
-- Table structure for table `rubro_detalle`
--

DROP TABLE IF EXISTS `rubro_detalle`;
/*!40101 SET @saved_cs_client     = @@character_set_client */;
/*!40101 SET character_set_client = utf8 */;
CREATE TABLE `rubro_detalle` (
  `ite_codigo` int(10) unsigned NOT NULL,
  `rub_codigo` int(10) unsigned NOT NULL,
  `uni_codigo` int(10) unsigned NOT NULL,
  `rde_cantid` float DEFAULT NULL,
  PRIMARY KEY (`ite_codigo`,`rub_codigo`),
  KEY `items_has_rubro_FKIndex1` (`ite_codigo`),
  KEY `items_has_rubro_FKIndex2` (`rub_codigo`),
  KEY `rubro_detalle_FKIndex3` (`uni_codigo`),
  CONSTRAINT `rubro_detalle_ibfk_1` FOREIGN KEY (`ite_codigo`) REFERENCES `items` (`ite_codigo`) ON DELETE NO ACTION ON UPDATE NO ACTION,
  CONSTRAINT `rubro_detalle_ibfk_2` FOREIGN KEY (`rub_codigo`) REFERENCES `rubro` (`rub_codigo`) ON DELETE NO ACTION ON UPDATE NO ACTION,
  CONSTRAINT `rubro_detalle_ibfk_3` FOREIGN KEY (`uni_codigo`) REFERENCES `unidades` (`uni_codigo`) ON DELETE NO ACTION ON UPDATE NO ACTION
) ENGINE=InnoDB DEFAULT CHARSET=latin1;
/*!40101 SET character_set_client = @saved_cs_client */;

--
-- Dumping data for table `rubro_detalle`
--

LOCK TABLES `rubro_detalle` WRITE;
/*!40000 ALTER TABLE `rubro_detalle` DISABLE KEYS */;
INSERT INTO `rubro_detalle` VALUES (1,13,2,0.13),(2,4,2,0.75),(2,5,2,0.75),(2,6,2,0.75),(2,7,2,0.75),(2,8,2,0.75),(2,9,2,0.75),(2,10,2,0.03),(2,11,2,0.05),(2,12,2,0.32),(2,13,2,0.031),(3,11,19,7.8),(3,12,19,47),(3,13,7,3.1),(4,4,19,300),(4,5,19,300),(4,6,19,300),(4,7,19,300),(4,8,19,300),(4,9,19,300),(4,10,20,5),(4,11,19,4.5),(4,12,19,28),(4,13,7,4.4),(5,4,6,12),(5,5,6,12),(5,6,6,12),(5,7,6,12),(5,8,6,12),(5,9,6,12),(6,4,6,12),(6,5,6,12),(6,6,6,12),(6,9,6,12),(7,3,6,18),(8,4,2,0.75),(8,5,2,0.75),(8,6,2,0.75),(8,7,2,0.75),(8,8,2,0.75),(8,9,2,0.75),(8,11,2,0.076),(9,4,6,12),(9,5,6,12),(9,7,6,12),(10,4,13,1),(10,5,13,1),(10,6,13,1),(10,7,13,1),(10,8,13,1),(11,4,13,1),(11,5,13,1),(11,6,13,1),(11,7,13,1),(11,8,13,1),(11,9,13,1),(12,9,6,1),(13,9,6,1),(14,9,6,1),(15,9,6,1),(16,9,6,1),(17,9,6,1),(18,9,1,2),(19,9,13,1),(20,10,20,0.5),(21,10,13,1),(22,10,21,1),(23,12,3,408),(24,14,19,4.2),(25,14,19,0.2),(26,14,3,1.05),(27,15,3,1),(27,16,3,1),(27,17,3,1),(27,18,3,1),(28,8,6,12);
/*!40000 ALTER TABLE `rubro_detalle` ENABLE KEYS */;
UNLOCK TABLES;

--
-- Table structure for table `unidades`
--

DROP TABLE IF EXISTS `unidades`;
/*!40101 SET @saved_cs_client     = @@character_set_client */;
/*!40101 SET character_set_client = utf8 */;
CREATE TABLE `unidades` (
  `uni_codigo` int(10) unsigned NOT NULL AUTO_INCREMENT,
  `uni_descri` varchar(30) DEFAULT NULL,
  PRIMARY KEY (`uni_codigo`)
) ENGINE=InnoDB AUTO_INCREMENT=24 DEFAULT CHARSET=latin1;
/*!40101 SET character_set_client = @saved_cs_client */;

--
-- Dumping data for table `unidades`
--

LOCK TABLES `unidades` WRITE;
/*!40000 ALTER TABLE `unidades` DISABLE KEYS */;
INSERT INTO `unidades` VALUES (1,'M2'),(2,'M3'),(3,'U'),(4,'BOLSAS'),(5,'BARRAS'),(6,'ML'),(7,'KG'),(8,'CAMIONADAS'),(9,'VIGUETAS'),(10,'MALLAS'),(11,'LADRILLOS'),(12,'PISOS'),(13,' '),(14,'TN'),(15,'BALDE'),(16,'ROLLO'),(17,'LT'),(18,'H/M3'),(19,'KG/M3'),(20,'KG/M2'),(21,'LT/M2'),(22,'MTS'),(23,'CAJA');
/*!40000 ALTER TABLE `unidades` ENABLE KEYS */;
UNLOCK TABLES;

--
-- Table structure for table `usuarios`
--

DROP TABLE IF EXISTS `usuarios`;
/*!40101 SET @saved_cs_client     = @@character_set_client */;
/*!40101 SET character_set_client = utf8 */;
CREATE TABLE `usuarios` (
  `usu_codigo` int(10) unsigned NOT NULL AUTO_INCREMENT,
  `usu_usuari` varchar(30) DEFAULT NULL,
  `usu_contra` mediumtext,
  `usu_estado` varchar(15) DEFAULT 'ACTIVO',
  PRIMARY KEY (`usu_codigo`)
) ENGINE=InnoDB AUTO_INCREMENT=2 DEFAULT CHARSET=latin1;
/*!40101 SET character_set_client = @saved_cs_client */;

--
-- Dumping data for table `usuarios`
--

LOCK TABLES `usuarios` WRITE;
/*!40000 ALTER TABLE `usuarios` DISABLE KEYS */;
INSERT INTO `usuarios` VALUES (1,'admin','21232f297a57a5a743894a0e4a801fc3','ACTIVO');
/*!40000 ALTER TABLE `usuarios` ENABLE KEYS */;
UNLOCK TABLES;

--
-- Temporary table structure for view `vobras`
--

DROP TABLE IF EXISTS `vobras`;
/*!50001 DROP VIEW IF EXISTS `vobras`*/;
SET @saved_cs_client     = @@character_set_client;
SET character_set_client = utf8;
/*!50001 CREATE TABLE `vobras` (
  `obr_codigo` int(10) unsigned,
  `obra` varchar(153)
) ENGINE=MyISAM */;
SET character_set_client = @saved_cs_client;

--
-- Dumping routines for database 'ambiente'
--
/*!50003 DROP PROCEDURE IF EXISTS `abm_cliente` */;
/*!50003 SET @saved_cs_client      = @@character_set_client */ ;
/*!50003 SET @saved_cs_results     = @@character_set_results */ ;
/*!50003 SET @saved_col_connection = @@collation_connection */ ;
/*!50003 SET character_set_client  = utf8 */ ;
/*!50003 SET character_set_results = utf8 */ ;
/*!50003 SET collation_connection  = utf8_general_ci */ ;
/*!50003 SET @saved_sql_mode       = @@sql_mode */ ;
/*!50003 SET sql_mode              = 'NO_AUTO_VALUE_ON_ZERO' */ ;
DELIMITER ;;
/*!50003 CREATE*/ /*!50020 DEFINER=`root`@`localhost`*/ /*!50003 PROCEDURE `abm_cliente`(IN ope INT, IN codigo INT, IN nombre VARCHAR(50), IN domici VARCHAR(30), IN telefo VARCHAR(30))
BEGIN
	IF ope = 1 THEN
		INSERT INTO cliente (cli_codigo,cli_nomape,cli_domici,cli_telefo) VALUES (codigo,nombre,domici,telefo);
	ELSE IF ope = 2 THEN
		DELETE FROM cliente WHERE cli_codigo = codigo;
	ELSE IF ope = 3 THEN
		UPDATE cliente SET cli_nomape = nombre, cli_telefo = telefo, cli_domici = domici WHERE cli_codigo = codigo;
	END IF;
	END IF;
	END IF;
    END */;;
DELIMITER ;
/*!50003 SET sql_mode              = @saved_sql_mode */ ;
/*!50003 SET character_set_client  = @saved_cs_client */ ;
/*!50003 SET character_set_results = @saved_cs_results */ ;
/*!50003 SET collation_connection  = @saved_col_connection */ ;
/*!50003 DROP PROCEDURE IF EXISTS `abm_items` */;
/*!50003 SET @saved_cs_client      = @@character_set_client */ ;
/*!50003 SET @saved_cs_results     = @@character_set_results */ ;
/*!50003 SET @saved_col_connection = @@collation_connection */ ;
/*!50003 SET character_set_client  = utf8 */ ;
/*!50003 SET character_set_results = utf8 */ ;
/*!50003 SET collation_connection  = utf8_general_ci */ ;
/*!50003 SET @saved_sql_mode       = @@sql_mode */ ;
/*!50003 SET sql_mode              = 'NO_AUTO_VALUE_ON_ZERO' */ ;
DELIMITER ;;
/*!50003 CREATE*/ /*!50020 DEFINER=`root`@`localhost`*/ /*!50003 PROCEDURE `abm_items`(IN ope INT, IN codigo INT, IN descri VARCHAR(30),in uni int,in precio float(10.2),IN uni1 int, in medcom float(10.2))
BEGIN
	IF ope = 1 THEN
		INSERT INTO items (ite_codigo,ite_descri,uni_codigo,ite_costo,uni_precom,ite_medcom) VALUES (codigo,descri,uni,precio,uni1,medcom);
	ELSE IF ope = 2 THEN
		delete from items WHERE ite_codigo = codigo;
	ELSE IF ope = 3 THEN
		UPDATE items SET ite_descri = descri,uni_codigo = uni,ite_costo = precio,uni_precom = uni1,ite_medcom = medcom wHERE ite_codigo = codigo;
	END IF;
	END IF;
	END IF;
    END */;;
DELIMITER ;
/*!50003 SET sql_mode              = @saved_sql_mode */ ;
/*!50003 SET character_set_client  = @saved_cs_client */ ;
/*!50003 SET character_set_results = @saved_cs_results */ ;
/*!50003 SET collation_connection  = @saved_col_connection */ ;
/*!50003 DROP PROCEDURE IF EXISTS `abm_mdo` */;
/*!50003 SET @saved_cs_client      = @@character_set_client */ ;
/*!50003 SET @saved_cs_results     = @@character_set_results */ ;
/*!50003 SET @saved_col_connection = @@collation_connection */ ;
/*!50003 SET character_set_client  = utf8 */ ;
/*!50003 SET character_set_results = utf8 */ ;
/*!50003 SET collation_connection  = utf8_general_ci */ ;
/*!50003 SET @saved_sql_mode       = @@sql_mode */ ;
/*!50003 SET sql_mode              = 'NO_AUTO_VALUE_ON_ZERO' */ ;
DELIMITER ;;
/*!50003 CREATE*/ /*!50020 DEFINER=`root`@`localhost`*/ /*!50003 PROCEDURE `abm_mdo`(IN ope INT, IN codigo INT, IN descri VARCHAR(30),in uni int)
BEGIN
	IF ope = 1 THEN
		INSERT INTO mano_de_obra (mdo_codigo,mdo_descri,uni_codigo) VALUES (codigo,descri,uni);
	ELSE IF ope = 2 THEN
		delete from mano_de_obra WHERE mdo_codigo = codigo;
	ELSE IF ope = 3 THEN
		UPDATE mano_de_obra SET mdo_descri = descri,uni_codigo = uni wHERE mdo_codigo = codigo;
	END IF;
	END IF;
	END IF;
    END */;;
DELIMITER ;
/*!50003 SET sql_mode              = @saved_sql_mode */ ;
/*!50003 SET character_set_client  = @saved_cs_client */ ;
/*!50003 SET character_set_results = @saved_cs_results */ ;
/*!50003 SET collation_connection  = @saved_col_connection */ ;
/*!50003 DROP PROCEDURE IF EXISTS `abm_proveedor` */;
/*!50003 SET @saved_cs_client      = @@character_set_client */ ;
/*!50003 SET @saved_cs_results     = @@character_set_results */ ;
/*!50003 SET @saved_col_connection = @@collation_connection */ ;
/*!50003 SET character_set_client  = utf8 */ ;
/*!50003 SET character_set_results = utf8 */ ;
/*!50003 SET collation_connection  = utf8_general_ci */ ;
/*!50003 SET @saved_sql_mode       = @@sql_mode */ ;
/*!50003 SET sql_mode              = 'NO_AUTO_VALUE_ON_ZERO' */ ;
DELIMITER ;;
/*!50003 CREATE*/ /*!50020 DEFINER=`root`@`localhost`*/ /*!50003 PROCEDURE `abm_proveedor`(IN ope INT, IN codigo INT, IN nombre VARCHAR(30), IN telefo VARCHAR(30), in domici varchar(50))
BEGIN
	IF ope = 1 THEN
		INSERT INTO proveedor (pro_codigo,pro_nombre,pro_telefo,pro_domici) VALUES (codigo,nombre,telefo,domici);
	ELSE IF ope = 2 THEN
		delete from proveedor where pro_codigo = codigo;
	ELSE IF ope = 3 THEN
		UPDATE proveedor SET pro_nombre = nombre, pro_telefo = telefo, pro_domici = domici WHERE pro_codigo = codigo;
	END IF;
	END IF;
	END IF;
    END */;;
DELIMITER ;
/*!50003 SET sql_mode              = @saved_sql_mode */ ;
/*!50003 SET character_set_client  = @saved_cs_client */ ;
/*!50003 SET character_set_results = @saved_cs_results */ ;
/*!50003 SET collation_connection  = @saved_col_connection */ ;
/*!50003 DROP PROCEDURE IF EXISTS `abm_unidades` */;
/*!50003 SET @saved_cs_client      = @@character_set_client */ ;
/*!50003 SET @saved_cs_results     = @@character_set_results */ ;
/*!50003 SET @saved_col_connection = @@collation_connection */ ;
/*!50003 SET character_set_client  = utf8 */ ;
/*!50003 SET character_set_results = utf8 */ ;
/*!50003 SET collation_connection  = utf8_general_ci */ ;
/*!50003 SET @saved_sql_mode       = @@sql_mode */ ;
/*!50003 SET sql_mode              = 'NO_AUTO_VALUE_ON_ZERO' */ ;
DELIMITER ;;
/*!50003 CREATE*/ /*!50020 DEFINER=`root`@`localhost`*/ /*!50003 PROCEDURE `abm_unidades`(IN ope INT, IN codigo INT, IN descri VARCHAR(30))
BEGIN
	IF ope = 1 THEN
		INSERT INTO unidades (uni_codigo,uni_descri) VALUES (codigo,descri);
	ELSE IF ope = 2 THEN
		delete from unidades WHERE uni_codigo = codigo;
	ELSE IF ope = 3 THEN
		UPDATE unidades SET uni_descri = descri wHERE uni_codigo = codigo;
	END IF;
	END IF;
	END IF;
    END */;;
DELIMITER ;
/*!50003 SET sql_mode              = @saved_sql_mode */ ;
/*!50003 SET character_set_client  = @saved_cs_client */ ;
/*!50003 SET character_set_results = @saved_cs_results */ ;
/*!50003 SET collation_connection  = @saved_col_connection */ ;
/*!50003 DROP PROCEDURE IF EXISTS `abm_usuarios` */;
/*!50003 SET @saved_cs_client      = @@character_set_client */ ;
/*!50003 SET @saved_cs_results     = @@character_set_results */ ;
/*!50003 SET @saved_col_connection = @@collation_connection */ ;
/*!50003 SET character_set_client  = utf8 */ ;
/*!50003 SET character_set_results = utf8 */ ;
/*!50003 SET collation_connection  = utf8_general_ci */ ;
/*!50003 SET @saved_sql_mode       = @@sql_mode */ ;
/*!50003 SET sql_mode              = 'STRICT_TRANS_TABLES,NO_AUTO_CREATE_USER,NO_ENGINE_SUBSTITUTION' */ ;
DELIMITER ;;
/*!50003 CREATE*/ /*!50020 DEFINER=`root`@`localhost`*/ /*!50003 PROCEDURE `abm_usuarios`(IN ope INT, IN codigo INT, IN usuario VARCHAR(30), IN contraseña VARCHAR(100))
BEGIN
	IF ope = 1 THEN
		INSERT INTO usuarios (usu_codigo,usu_usuari,usu_contra) VALUES (codigo,usuario,contraseña);
	ELSE IF ope = 2 THEN
		UPDATE usuarios SET usu_estado = 'BLOQUEADO' WHERE usu_codigo = codigo;
	ELSE IF ope = 3 THEN
		UPDATE usuarios SET usu_usuari = usuario, usu_contra = contraseña WHERE usu_codigo = codigo;
	END IF;
	END IF;
	END IF;
    END */;;
DELIMITER ;
/*!50003 SET sql_mode              = @saved_sql_mode */ ;
/*!50003 SET character_set_client  = @saved_cs_client */ ;
/*!50003 SET character_set_results = @saved_cs_results */ ;
/*!50003 SET collation_connection  = @saved_col_connection */ ;

--
-- Current Database: `ambiente`
--

USE `ambiente`;

--
-- Final view structure for view `vobras`
--

/*!50001 DROP TABLE IF EXISTS `vobras`*/;
/*!50001 DROP VIEW IF EXISTS `vobras`*/;
/*!50001 SET @saved_cs_client          = @@character_set_client */;
/*!50001 SET @saved_cs_results         = @@character_set_results */;
/*!50001 SET @saved_col_connection     = @@collation_connection */;
/*!50001 SET character_set_client      = utf8 */;
/*!50001 SET character_set_results     = utf8 */;
/*!50001 SET collation_connection      = utf8_general_ci */;
/*!50001 CREATE ALGORITHM=UNDEFINED */
/*!50013 DEFINER=`root`@`localhost` SQL SECURITY DEFINER */
/*!50001 VIEW `vobras` AS (select `obras`.`obr_codigo` AS `obr_codigo`,concat(`cliente`.`cli_nomape`,' - ',`obras`.`obr_proyec`) AS `obra` from (`obras` join `cliente`) where ((`cliente`.`cli_codigo` = `obras`.`cli_codigo`) and (`obras`.`obr_estado` like 'ACTIVO'))) */;
/*!50001 SET character_set_client      = @saved_cs_client */;
/*!50001 SET character_set_results     = @saved_cs_results */;
/*!50001 SET collation_connection      = @saved_col_connection */;
/*!40103 SET TIME_ZONE=@OLD_TIME_ZONE */;

/*!40101 SET SQL_MODE=@OLD_SQL_MODE */;
/*!40014 SET FOREIGN_KEY_CHECKS=@OLD_FOREIGN_KEY_CHECKS */;
/*!40014 SET UNIQUE_CHECKS=@OLD_UNIQUE_CHECKS */;
/*!40101 SET CHARACTER_SET_CLIENT=@OLD_CHARACTER_SET_CLIENT */;
/*!40101 SET CHARACTER_SET_RESULTS=@OLD_CHARACTER_SET_RESULTS */;
/*!40101 SET COLLATION_CONNECTION=@OLD_COLLATION_CONNECTION */;
/*!40111 SET SQL_NOTES=@OLD_SQL_NOTES */;

-- Dump completed on 2014-06-10 10:19:48
