-- MySQL dump 10.13  Distrib 5.5.20, for Win32 (x86)
--
-- Host: localhost    Database: ambiente
-- ------------------------------------------------------
-- Server version	5.5.20

/*!40101 SET @OLD_CHARACTER_SET_CLIENT=@@CHARACTER_SET_CLIENT */;
/*!40101 SET @OLD_CHARACTER_SET_RESULTS=@@CHARACTER_SET_RESULTS */;
/*!40101 SET @OLD_COLLATION_CONNECTION=@@COLLATION_CONNECTION */;
/*!40101 SET NAMES utf8 */;
/*!40103 SET @OLD_TIME_ZONE=@@TIME_ZONE */;
/*!40103 SET TIME_ZONE='+00:00' */;
/*!40014 SET @OLD_UNIQUE_CHECKS=@@UNIQUE_CHECKS, UNIQUE_CHECKS=0 */;
/*!40014 SET @OLD_FOREIGN_KEY_CHECKS=@@FOREIGN_KEY_CHECKS, FOREIGN_KEY_CHECKS=0 */;
/*!40101 SET @OLD_SQL_MODE=@@SQL_MODE, SQL_MODE='NO_AUTO_VALUE_ON_ZERO' */;
/*!40111 SET @OLD_SQL_NOTES=@@SQL_NOTES, SQL_NOTES=0 */;

--
-- Current Database: `ambiente`
--

CREATE DATABASE /*!32312 IF NOT EXISTS*/ `ambiente` /*!40100 DEFAULT CHARACTER SET latin1 */;

USE `ambiente`;

--
-- Table structure for table `cliente`
--

DROP TABLE IF EXISTS `cliente`;
/*!40101 SET @saved_cs_client     = @@character_set_client */;
/*!40101 SET character_set_client = utf8 */;
CREATE TABLE `cliente` (
  `cli_codigo` int(10) unsigned NOT NULL AUTO_INCREMENT,
  `cli_nomape` varchar(50) DEFAULT NULL,
  `cli_domici` varchar(50) DEFAULT NULL,
  `cli_telefo` varchar(30) DEFAULT NULL,
  PRIMARY KEY (`cli_codigo`)
) ENGINE=InnoDB AUTO_INCREMENT=16 DEFAULT CHARSET=latin1;
/*!40101 SET character_set_client = @saved_cs_client */;

--
-- Dumping data for table `cliente`
--

LOCK TABLES `cliente` WRITE;
/*!40000 ALTER TABLE `cliente` DISABLE KEYS */;
INSERT INTO `cliente` VALUES (1,'PEPE NESTOSA',' ',' '),(2,'ADOLFO MARTINEZ',' ',' '),(3,'MARY PAREDES',' ',' '),(4,'RAMON SARABIA',' ',' '),(5,'SILVIA LOPEZ',' ',' '),(6,'CAPILLA INMACULADA',' ',' '),(7,'MARCELA CALIGARIS',' ',' '),(8,'BABY BERNAL',' ',' '),(9,'MARIA DEL HUERTO ',' ',' '),(10,'NESTOR COSTADONI',' ',' '),(11,'ANDREA ROJAS',' ',' '),(12,'EVER JARA',' ',' '),(13,'MIGUEL VIDAL',' ',' '),(14,'MAXI BERNAL',' ',' '),(15,'ERNESTO VERAGUA',' ',' ');
/*!40000 ALTER TABLE `cliente` ENABLE KEYS */;
UNLOCK TABLES;

--
-- Table structure for table `cobros`
--

DROP TABLE IF EXISTS `cobros`;
/*!40101 SET @saved_cs_client     = @@character_set_client */;
/*!40101 SET character_set_client = utf8 */;
CREATE TABLE `cobros` (
  `cob_codigo` int(10) unsigned NOT NULL AUTO_INCREMENT,
  `usu_codigo` int(10) unsigned NOT NULL,
  `obr_codigo` int(10) unsigned NOT NULL,
  `cob_horfec` datetime DEFAULT NULL,
  `cob_monto` float(10,2) DEFAULT NULL,
  `cob_estado` varchar(15) DEFAULT 'ACTIVO',
  `cob_numletra` varchar(254) DEFAULT NULL,
  `cob_observ` varchar(254) DEFAULT NULL,
  `cob_fecrec` date DEFAULT NULL,
  PRIMARY KEY (`cob_codigo`),
  KEY `cobros_FKIndex1` (`obr_codigo`),
  KEY `cobros_FKIndex2` (`usu_codigo`),
  CONSTRAINT `cobros_ibfk_1` FOREIGN KEY (`obr_codigo`) REFERENCES `obras` (`obr_codigo`) ON DELETE NO ACTION ON UPDATE NO ACTION,
  CONSTRAINT `cobros_ibfk_2` FOREIGN KEY (`usu_codigo`) REFERENCES `usuarios` (`usu_codigo`) ON DELETE NO ACTION ON UPDATE NO ACTION
) ENGINE=InnoDB AUTO_INCREMENT=15 DEFAULT CHARSET=latin1;
/*!40101 SET character_set_client = @saved_cs_client */;

--
-- Dumping data for table `cobros`
--

LOCK TABLES `cobros` WRITE;
/*!40000 ALTER TABLE `cobros` DISABLE KEYS */;
INSERT INTO `cobros` VALUES (1,1,14,'2014-04-09 16:11:51',19860.00,'ACTIVO','DIECINUEVEMIL OCHOCIENTOS SESENTA PESOS',NULL,NULL),(2,1,13,'2014-04-09 16:15:17',2000.00,'ACTIVO','DOS MIL PESOS',NULL,NULL),(3,1,11,'2014-04-09 16:32:25',3000.00,'ACTIVO','TRES MIL PESOS',NULL,NULL),(4,1,8,'2014-04-09 16:42:16',5450.00,'ACTIVO','CINCO MIL CUATROCIENTOS CINCUENTA PESOS',NULL,NULL),(5,1,5,'2014-04-09 16:57:37',15700.00,'ACTIVO','QUINCE MIL SETECIENTOS PESOS',NULL,NULL),(6,1,4,'2014-04-09 17:03:34',35700.00,'ACTIVO','TREINTA Y CINCO MIL SETECIENTOS PESOS',NULL,NULL),(7,1,3,'2014-04-09 17:06:16',17100.00,'ANULADO','DIECISIETEMIL CIENPESOS',NULL,NULL),(8,1,3,'2014-04-09 17:08:30',17000.00,'ACTIVO','DIECISIETEMIL PESOS',NULL,NULL),(9,1,2,'2014-04-09 17:12:51',19200.00,'ACTIVO','DIECINUEVEMIL DOSCIENTOS PESOS',NULL,NULL),(10,1,1,'2014-04-09 17:16:06',301695.59,'ANULADO','TRESCIENTOS UN MIL SEISCIENTOS NOVENTA Y CINCO PESOS CON CINCUENTA Y NUEVE CENTAVOS',NULL,NULL),(11,1,1,'2014-04-09 17:17:22',9500.00,'ACTIVO','NUEVE MIL QUINIENTOS PESOS',NULL,NULL),(12,1,9,'2014-04-09 17:21:12',1700.00,'ACTIVO','MIL SETECIENTOS PESOS',NULL,NULL),(13,1,8,'2014-04-17 11:22:04',1234.67,'ACTIVO','MIL DOSCIENTOS TREINTA Y CUATRO PESOS CON SESENTA Y SIETE CENTAVOS',' ASDSADASD',NULL),(14,1,13,'2014-04-22 22:05:45',2052.00,'ACTIVO','DOS MIL CINCUENTA Y DOS PESOS',' ','2014-04-25');
/*!40000 ALTER TABLE `cobros` ENABLE KEYS */;
UNLOCK TABLES;

--
-- Table structure for table `depositos`
--

DROP TABLE IF EXISTS `depositos`;
/*!40101 SET @saved_cs_client     = @@character_set_client */;
/*!40101 SET character_set_client = utf8 */;
CREATE TABLE `depositos` (
  `dep_codigo` int(10) unsigned NOT NULL AUTO_INCREMENT,
  `obr_codigo` int(10) unsigned NOT NULL,
  `usu_codigo` int(10) unsigned NOT NULL,
  `dep_fechor` datetime DEFAULT NULL,
  `dep_monto` int(10) unsigned DEFAULT NULL,
  `dep_estado` varchar(15) DEFAULT 'ACTIVO',
  PRIMARY KEY (`dep_codigo`),
  KEY `depositos_FKIndex1` (`usu_codigo`),
  KEY `depositos_FKIndex2` (`obr_codigo`),
  CONSTRAINT `depositos_ibfk_1` FOREIGN KEY (`usu_codigo`) REFERENCES `usuarios` (`usu_codigo`) ON DELETE NO ACTION ON UPDATE NO ACTION,
  CONSTRAINT `depositos_ibfk_2` FOREIGN KEY (`obr_codigo`) REFERENCES `obras` (`obr_codigo`) ON DELETE NO ACTION ON UPDATE NO ACTION
) ENGINE=InnoDB DEFAULT CHARSET=latin1;
/*!40101 SET character_set_client = @saved_cs_client */;

--
-- Dumping data for table `depositos`
--

LOCK TABLES `depositos` WRITE;
/*!40000 ALTER TABLE `depositos` DISABLE KEYS */;
/*!40000 ALTER TABLE `depositos` ENABLE KEYS */;
UNLOCK TABLES;

--
-- Table structure for table `items`
--

DROP TABLE IF EXISTS `items`;
/*!40101 SET @saved_cs_client     = @@character_set_client */;
/*!40101 SET character_set_client = utf8 */;
CREATE TABLE `items` (
  `ite_codigo` int(10) unsigned NOT NULL AUTO_INCREMENT,
  `uni_precom` int(10) unsigned NOT NULL,
  `uni_codigo` int(10) unsigned NOT NULL,
  `ite_descri` varchar(30) DEFAULT NULL,
  `ite_costo` float(10,2) DEFAULT NULL,
  `ite_medcom` float(10,3) DEFAULT NULL,
  PRIMARY KEY (`ite_codigo`),
  KEY `items_FKIndex1` (`uni_codigo`),
  KEY `items_FKIndex2` (`uni_precom`),
  CONSTRAINT `items_ibfk_1` FOREIGN KEY (`uni_codigo`) REFERENCES `unidades` (`uni_codigo`) ON DELETE NO ACTION ON UPDATE NO ACTION
) ENGINE=InnoDB AUTO_INCREMENT=30 DEFAULT CHARSET=latin1;
/*!40101 SET character_set_client = @saved_cs_client */;

--
-- Dumping data for table `items`
--

LOCK TABLES `items` WRITE;
/*!40000 ALTER TABLE `items` DISABLE KEYS */;
INSERT INTO `items` VALUES (1,2,2,'HIDROF',150.00,6.000),(2,2,2,'ARENA',850.00,6.000),(3,2,7,'CAL',40.00,25.000),(4,4,7,'CEMENTO',80.00,50.000),(5,5,6,'HIERRO DEL 6',39.00,1.000),(6,5,6,'HIERRO DEL 8',63.00,1.000),(7,8,13,'RELLENO',650.00,0.000),(8,2,14,'PIEDRAS',300.00,1.500),(9,5,6,'HIERRO DEL 10',97.00,1.000),(10,7,7,'CLAVOS 2',0.00,1.000),(11,7,7,'ALAMBRE',0.00,1.000),(12,5,6,'VIGUETA DE 2,00',71.00,1.000),(13,5,6,'VIGUETA DE 3,00',106.00,1.000),(14,5,6,'VIGUETA DE 3,40',120.00,1.000),(15,5,6,'VIGUETA DE 3,75',141.00,1.000),(16,5,6,'VIGUETA DE 4,50',189.00,1.000),(17,5,6,'VIGUETA DE 1,40',50.00,1.000),(18,11,3,'LADRILLO SAP',35.00,1.000),(19,10,3,'MALLA SIMA 0,15 X 0,15 0 6',300.00,1.000),(20,15,7,'HIDROFUGO',150.00,20.000),(21,16,3,'MEMBRANA AUTOADHESIVA',320.00,1.000),(22,17,7,'PINTURA ASFALTICA',240.00,20.000),(23,11,3,'LADRILLOS',1.40,1.000),(24,4,7,'PEGAMENTO',80.00,30.000),(25,7,7,'PASTINA',12.00,1.000),(26,12,3,'PISO DE 30 X 30',80.00,1.000),(27,3,3,'GENERICO',0.00,1.000),(28,5,6,'HIERRO DEL 12',61.00,1.000),(29,22,22,'CABLE TIPO TALLER 2*1/2',8.00,1.000);
/*!40000 ALTER TABLE `items` ENABLE KEYS */;
UNLOCK TABLES;

--
-- Table structure for table `mano_de_obra`
--

DROP TABLE IF EXISTS `mano_de_obra`;
/*!40101 SET @saved_cs_client     = @@character_set_client */;
/*!40101 SET character_set_client = utf8 */;
CREATE TABLE `mano_de_obra` (
  `mdo_codigo` int(10) unsigned NOT NULL AUTO_INCREMENT,
  `uni_codigo` int(10) unsigned NOT NULL,
  `mdo_descri` varchar(50) DEFAULT NULL,
  PRIMARY KEY (`mdo_codigo`),
  KEY `mano_de_obra_FKIndex1` (`uni_codigo`),
  CONSTRAINT `mano_de_obra_ibfk_1` FOREIGN KEY (`uni_codigo`) REFERENCES `unidades` (`uni_codigo`) ON DELETE NO ACTION ON UPDATE NO ACTION
) ENGINE=InnoDB AUTO_INCREMENT=4 DEFAULT CHARSET=latin1;
/*!40101 SET character_set_client = @saved_cs_client */;

--
-- Dumping data for table `mano_de_obra`
--

LOCK TABLES `mano_de_obra` WRITE;
/*!40000 ALTER TABLE `mano_de_obra` DISABLE KEYS */;
INSERT INTO `mano_de_obra` VALUES (1,3,'VIGAS'),(2,3,'PILOTINES'),(3,6,'ENCADENADO INFERIOR');
/*!40000 ALTER TABLE `mano_de_obra` ENABLE KEYS */;
UNLOCK TABLES;

--
-- Table structure for table `movimientos`
--

DROP TABLE IF EXISTS `movimientos`;
/*!40101 SET @saved_cs_client     = @@character_set_client */;
/*!40101 SET character_set_client = utf8 */;
CREATE TABLE `movimientos` (
  `cue_codigo` int(10) unsigned NOT NULL AUTO_INCREMENT,
  `usu_codigo` int(10) unsigned NOT NULL,
  `obr_codigo` int(10) unsigned NOT NULL,
  `cue_opera` varchar(15) DEFAULT 'ENTREGA',
  `cue_monto` float(10,2) DEFAULT NULL,
  `cue_segun` varchar(15) DEFAULT NULL,
  `cue_estado` varchar(15) DEFAULT 'ACTIVO',
  `cue_fechor` datetime DEFAULT NULL,
  `nro_recibo` int(11) DEFAULT NULL,
  `numletra` varchar(254) DEFAULT NULL,
  `cue_observ` varchar(254) DEFAULT NULL,
  PRIMARY KEY (`cue_codigo`),
  KEY `cuentas_FKIndex1` (`obr_codigo`),
  KEY `cuentas_FKIndex2` (`usu_codigo`),
  CONSTRAINT `movimientos_ibfk_1` FOREIGN KEY (`obr_codigo`) REFERENCES `obras` (`obr_codigo`) ON DELETE NO ACTION ON UPDATE NO ACTION,
  CONSTRAINT `movimientos_ibfk_2` FOREIGN KEY (`usu_codigo`) REFERENCES `usuarios` (`usu_codigo`) ON DELETE NO ACTION ON UPDATE NO ACTION
) ENGINE=InnoDB AUTO_INCREMENT=75 DEFAULT CHARSET=latin1;
/*!40101 SET character_set_client = @saved_cs_client */;

--
-- Dumping data for table `movimientos`
--

LOCK TABLES `movimientos` WRITE;
/*!40000 ALTER TABLE `movimientos` DISABLE KEYS */;
INSERT INTO `movimientos` VALUES (1,1,14,'ENTREGA',323540.00,'DEPOSITO 1','ACTIVO','2014-04-09 16:01:34',1,'TRESCIENTOS VENTITRES MIL QUINIENTOS CUARENTA PESOS',NULL),(2,1,14,'RETIRO',181620.34,'PAGO PRO 1','ACTIVO','2014-04-09 16:05:03',NULL,NULL,NULL),(3,1,14,'RETIRO',86886.00,'PAGO MO 1','ACTIVO','2014-04-09 16:09:31',NULL,NULL,NULL),(4,1,14,'RETIRO',19860.00,'HONORARIOS 1','ACTIVO','2014-04-09 16:11:51',NULL,NULL,NULL),(5,1,13,'ENTREGA',6376.00,'DEPOSITO 5','ACTIVO','2014-04-09 16:15:02',2,'SEIS MIL TRESCIENTOS SETENTA Y SEIS PESOS',NULL),(6,1,13,'RETIRO',2000.00,'HONORARIOS 2','ACTIVO','2014-04-09 16:15:17',NULL,NULL,NULL),(7,1,13,'RETIRO',1876.00,'PAGO PRO 2','ACTIVO','2014-04-09 16:15:43',NULL,NULL,NULL),(8,1,13,'RETIRO',2500.00,'PAGO MO 2','ACTIVO','2014-04-09 16:16:03',NULL,NULL,NULL),(9,1,12,'ENTREGA',61892.00,'DEPOSITO 9','ACTIVO','2014-04-09 16:17:52',3,'SESENTA Y UN MIL OCHOCIENTOS NOVENTA Y DOS PESOS',NULL),(10,1,12,'RETIRO',5000.00,'PAGO MO 3','ACTIVO','2014-04-09 16:18:19',NULL,NULL,NULL),(11,1,12,'RETIRO',4000.00,'PAGO MO 4','ACTIVO','2014-04-09 16:19:37',NULL,NULL,NULL),(12,1,12,'RETIRO',57292.00,'PAGO PRO 3','ACTIVO','2014-04-09 16:21:45',NULL,NULL,NULL),(13,1,12,'ENTREGA',4400.00,'DEPOSITO 13','ACTIVO','2014-04-09 16:24:33',4,'CUATRO MIL CUATROCIENTOS PESOS',NULL),(14,1,11,'ENTREGA',49167.00,'DEPOSITO 14','ACTIVO','2014-04-09 16:27:12',5,'CUARENTA Y NUEVE MIL CIENTO SESENTA Y SIETE PESOS',NULL),(15,1,11,'RETIRO',48999.00,'PAGO MO 5','ANULADO','2014-04-09 16:29:59',NULL,NULL,NULL),(16,1,11,'RETIRO',25800.00,'PAGO MO 6','ACTIVO','2014-04-09 16:32:12',NULL,NULL,NULL),(17,1,11,'RETIRO',3000.00,'HONORARIOS 3','ACTIVO','2014-04-09 16:32:25',NULL,NULL,NULL),(18,1,11,'RETIRO',20199.00,'PAGO PRO 4','ACTIVO','2014-04-09 16:32:45',NULL,NULL,NULL),(19,1,10,'ENTREGA',25791.00,'DEPOSITO 19','ACTIVO','2014-04-09 16:34:17',6,'VENTICINCO MIL SETECIENTOS NOVENTA Y UN PESOS',NULL),(20,1,10,'RETIRO',25791.00,'PAGO PRO 5','ACTIVO','2014-04-09 16:34:46',NULL,NULL,NULL),(21,1,8,'RETIRO',31133.00,'PAGO PRO 6','ACTIVO','2014-04-09 16:38:42',NULL,NULL,NULL),(22,1,8,'RETIRO',5450.00,'HONORARIOS 4','ACTIVO','2014-04-09 16:42:16',NULL,NULL,NULL),(23,1,8,'RETIRO',31000.00,'PAGO MO 7','ACTIVO','2014-04-09 16:46:47',NULL,NULL,NULL),(24,1,8,'ENTREGA',67583.00,'DEPOSITO 24','ACTIVO','2014-04-09 16:50:31',7,'SESENTA Y SIETE MIL QUINIENTOS OCHENTA Y TRES PESOS',NULL),(25,1,7,'RETIRO',61220.00,'PAGO MO 8','ACTIVO','2014-04-09 16:52:14',NULL,NULL,NULL),(26,1,7,'RETIRO',27014.00,'PAGO PRO 7','ACTIVO','2014-04-09 16:52:38',NULL,NULL,NULL),(27,1,7,'ENTREGA',88234.00,'DEPOSITO 27','ACTIVO','2014-04-09 16:53:41',8,'OCHENTA Y OCHO MIL DOSCIENTOS TREINTA Y CUATRO PESOS',NULL),(28,1,6,'RETIRO',82625.00,'PAGO MO 9','ACTIVO','2014-04-09 16:54:33',NULL,NULL,NULL),(29,1,6,'RETIRO',67687.95,'PAGO PRO 8','ACTIVO','2014-04-09 16:54:58',NULL,NULL,NULL),(30,1,6,'ENTREGA',150312.95,'DEPOSITO 30','ACTIVO','2014-04-09 16:56:39',9,'CIENTO CINCUENTA MIL TRESCIENTOS DOCE PESOS CON NOVENTA Y CINCO CENTAVOS',NULL),(31,1,5,'RETIRO',15700.00,'HONORARIOS 5','ACTIVO','2014-04-09 16:57:37',NULL,NULL,NULL),(32,1,5,'RETIRO',81500.00,'PAGO MO 10','ACTIVO','2014-04-09 16:58:55',NULL,NULL,NULL),(33,1,5,'RETIRO',35576.00,'PAGO PRO 9','ACTIVO','2014-04-09 16:59:24',NULL,NULL,NULL),(34,1,5,'ENTREGA',132776.00,'DEPOSITO 34','ACTIVO','2014-04-09 17:00:42',10,'CIENTO TREINTA Y DOS MIL SETECIENTOS SETENTA Y SEIS PESOS',NULL),(35,1,4,'RETIRO',35700.00,'PAGO MO 11','ANULADO','2014-04-09 17:01:36',NULL,NULL,NULL),(36,1,4,'RETIRO',91702.90,'PAGO PRO 10','ACTIVO','2014-04-09 17:02:12',NULL,NULL,NULL),(37,1,4,'RETIRO',134200.00,'PAGO MO 12','ACTIVO','2014-04-09 17:03:00',NULL,NULL,NULL),(38,1,4,'RETIRO',35700.00,'HONORARIOS 6','ACTIVO','2014-04-09 17:03:34',NULL,NULL,NULL),(39,1,4,'ENTREGA',231797.00,'DEPOSITO 39','ACTIVO','2014-04-09 17:04:03',10,'DOSCIENTOS TREINTA Y UN MIL SETECIENTOS NOVENTA Y SIETE PESOS',NULL),(40,1,3,'RETIRO',115979.93,'PAGO PRO 11','ANULADO','2014-04-09 17:05:27',NULL,NULL,NULL),(41,1,3,'RETIRO',58105.00,'PAGO MO 13','ANULADO','2014-04-09 17:05:48',NULL,NULL,NULL),(42,1,3,'RETIRO',17100.00,'HONORARIOS 7','ANULADO','2014-04-09 17:06:16',NULL,NULL,NULL),(43,1,3,'RETIRO',17000.00,'HONORARIOS 8','ACTIVO','2014-04-09 17:08:30',NULL,NULL,NULL),(44,1,3,'RETIRO',101575.00,'PAGO MO 14','ACTIVO','2014-04-09 17:09:05',NULL,NULL,NULL),(45,1,3,'RETIRO',90625.75,'PAGO PRO 12','ACTIVO','2014-04-09 17:09:34',NULL,NULL,NULL),(46,1,3,'ENTREGA',201651.91,'DEPOSITO 46','ACTIVO','2014-04-09 17:11:06',10,'DOSCIENTOS UN MIL SEISCIENTOS CINCUENTA Y UN PESOS CON NOVENTA Y UN CENTAVOS',NULL),(47,1,2,'ENTREGA',213000.00,'DEPOSITO 47','ACTIVO','2014-04-09 17:11:55',10,'DOSCIENTOS TRECE MIL PESOS',NULL),(48,1,2,'RETIRO',19200.00,'HONORARIOS 9','ACTIVO','2014-04-09 17:12:51',NULL,NULL,NULL),(49,1,2,'RETIRO',72410.00,'PAGO MO 15','ACTIVO','2014-04-09 17:13:31',NULL,NULL,NULL),(50,1,2,'RETIRO',93199.40,'PAGO PRO 13','ACTIVO','2014-04-09 17:13:50',NULL,NULL,NULL),(51,1,2,'RETIRO',25555.00,'PAGO MO 16','ACTIVO','2014-04-09 17:14:24',NULL,NULL,NULL),(52,1,1,'RETIRO',301695.59,'HONORARIOS 10','ANULADO','2014-04-09 17:16:06',NULL,NULL,NULL),(53,1,1,'RETIRO',9500.00,'HONORARIOS 11','ACTIVO','2014-04-09 17:17:22',NULL,NULL,NULL),(54,1,1,'RETIRO',181734.00,'PAGO MO 17','ACTIVO','2014-04-09 17:17:46',NULL,NULL,NULL),(55,1,1,'RETIRO',110461.60,'PAGO PRO 14','ACTIVO','2014-04-09 17:18:01',NULL,NULL,NULL),(56,1,1,'ENTREGA',315125.00,'DEPOSITO 56','ACTIVO','2014-04-09 17:18:17',10,'TRESCIENTOS QUINCE MIL CIENTO VENTICINCO PESOS',NULL),(57,1,9,'RETIRO',495.00,'PAGO PRO 15','ACTIVO','2014-04-09 17:20:25',NULL,NULL,NULL),(58,1,9,'RETIRO',22200.00,'PAGO MO 18','ACTIVO','2014-04-09 17:20:55',NULL,NULL,NULL),(59,1,9,'RETIRO',1700.00,'HONORARIOS 12','ACTIVO','2014-04-09 17:21:12',NULL,NULL,NULL),(60,1,9,'ENTREGA',24395.00,'DEPOSITO 60','ACTIVO','2014-04-09 17:21:28',10,'VENTICUATRO MIL TRESCIENTOS NOVENTA Y CINCO PESOS',NULL),(61,1,8,'RETIRO',5000.00,'PAGO PRO 16','ACTIVO','2014-04-14 09:40:08',NULL,NULL,NULL),(62,1,8,'RETIRO',3000.00,'PAGO PRO 17','ACTIVO','2014-04-14 09:42:55',NULL,NULL,NULL),(63,1,8,'RETIRO',2000.00,'PAGO PRO 18','ACTIVO','2014-04-14 09:47:59',NULL,NULL,NULL),(64,1,8,'ENTREGA',5000.00,'DEPOSITO 64','ACTIVO','2014-04-14 10:07:13',10,'CINCO MIL PESOS',NULL),(65,1,6,'ENTREGA',100000.00,'DEPOSITO 65','ACTIVO','2014-04-15 11:02:45',10,'CIENMIL PESOS',NULL),(66,1,4,'ENTREGA',1000.00,'DEPOSITO 66','ACTIVO','2014-04-15 11:05:58',11,'MIL PESOS',NULL),(67,1,10,'ENTREGA',1000.00,'DEPOSITO 67','ANULADO','2014-04-15 11:06:19',12,'MIL PESOS',NULL),(68,1,11,'ENTREGA',2000.00,'DEPOSITO 68','ACTIVO','2014-04-17 09:53:07',13,'DOS MIL PESOS',' ADELANTO DE MATERIALES'),(69,1,5,'RETIRO',1345.21,'PAGO MO 19','ACTIVO','2014-04-17 10:45:53',NULL,NULL,NULL),(70,1,6,'RETIRO',1230.31,'PAGO MO 20','ACTIVO','2014-04-17 10:46:59',NULL,NULL,NULL),(71,1,8,'RETIRO',1234.67,'HONORARIOS 13','ACTIVO','2014-04-17 11:22:04',NULL,NULL,NULL),(72,1,12,'RETIRO',300.00,'PAGO MO 21','ACTIVO','2014-04-22 21:19:28',NULL,NULL,NULL),(73,1,5,'RETIRO',12345.00,'PAGO MO 22','ACTIVO','2014-04-22 21:20:39',NULL,NULL,NULL),(74,1,13,'RETIRO',2052.00,'HONORARIOS 14','ACTIVO','2014-04-22 22:05:45',NULL,NULL,NULL);
/*!40000 ALTER TABLE `movimientos` ENABLE KEYS */;
UNLOCK TABLES;

--
-- Table structure for table `obras`
--

DROP TABLE IF EXISTS `obras`;
/*!40101 SET @saved_cs_client     = @@character_set_client */;
/*!40101 SET character_set_client = utf8 */;
CREATE TABLE `obras` (
  `obr_codigo` int(10) unsigned NOT NULL AUTO_INCREMENT,
  `cli_codigo` int(10) unsigned NOT NULL,
  `usu_codigo` int(10) unsigned NOT NULL,
  `obr_fecha` datetime DEFAULT NULL,
  `obr_proyec` varchar(100) DEFAULT NULL,
  `obr_estado` varchar(15) DEFAULT 'ACTIVO',
  `obr_presup` varchar(15) DEFAULT NULL,
  `obr_obser` varchar(250) DEFAULT NULL,
  PRIMARY KEY (`obr_codigo`),
  KEY `obras_FKIndex1` (`usu_codigo`),
  KEY `obras_FKIndex3` (`cli_codigo`),
  CONSTRAINT `obras_ibfk_1` FOREIGN KEY (`usu_codigo`) REFERENCES `usuarios` (`usu_codigo`) ON DELETE NO ACTION ON UPDATE NO ACTION
) ENGINE=InnoDB AUTO_INCREMENT=15 DEFAULT CHARSET=latin1;
/*!40101 SET character_set_client = @saved_cs_client */;

--
-- Dumping data for table `obras`
--

LOCK TABLES `obras` WRITE;
/*!40000 ALTER TABLE `obras` DISABLE KEYS */;
INSERT INTO `obras` VALUES (1,1,1,'2014-04-09 15:40:02','LOCAL COMERCIAL Y OFICINAS','ACTIVO','9',''),(2,2,1,'2014-04-09 15:40:15','DPTOS DUPLEX','ACTIVO','SIN PRESUPUESTO',''),(3,3,1,'2014-04-09 15:41:13','DPTOS DUPLEX','ACTIVO','SIN PRESUPUESTO',''),(4,4,1,'2014-04-09 15:42:06','LOCALES COMERCIALES','ACTIVO','SIN PRESUPUESTO',''),(5,7,1,'2014-04-09 15:42:54','VIVIENDA FAMILIAR','ACTIVO','SIN PRESUPUESTO',''),(6,8,1,'2014-04-09 15:43:05','VIVIENDA FAMILIAR','ACTIVO','SIN PRESUPUESTO',''),(7,9,1,'2014-04-09 15:43:20','DEPARTAMENTO','ACTIVO','SIN PRESUPUESTO',''),(8,10,1,'2014-04-09 15:43:33','VIVIENDA FAMILIAR','ACTIVO','SIN PRESUPUESTO',''),(9,11,1,'2014-04-09 15:44:00','DEPOSITO COMERCIAL','ACTIVO','SIN PRESUPUESTO',''),(10,12,1,'2014-04-09 15:45:01','VIVIENDA FAMILIAR','ACTIVO','SIN PRESUPUESTO',''),(11,13,1,'2014-04-09 15:45:15','VIVIENDA FAMILIAR','ACTIVO','SIN PRESUPUESTO',''),(12,14,1,'2014-04-09 15:45:24','VIVIENDA FAMILIAR','ACTIVO','SIN PRESUPUESTO',''),(13,15,1,'2014-04-09 15:45:31','VIVIENDA FAMILIAR','ACTIVO','SIN PRESUPUESTO',''),(14,5,1,'2014-04-09 15:49:58','DPTOS Y OFICINAS','ACTIVO','SIN PRESUPUESTO','');
/*!40000 ALTER TABLE `obras` ENABLE KEYS */;
UNLOCK TABLES;

--
-- Table structure for table `pagos`
--

DROP TABLE IF EXISTS `pagos`;
/*!40101 SET @saved_cs_client     = @@character_set_client */;
/*!40101 SET character_set_client = utf8 */;
CREATE TABLE `pagos` (
  `pag_codigo` int(10) unsigned NOT NULL AUTO_INCREMENT,
  `usu_codigo` int(10) unsigned NOT NULL,
  `obr_codigo` int(10) unsigned NOT NULL,
  `pag_horfec` datetime DEFAULT NULL,
  `pag_monto` float(10,2) DEFAULT NULL,
  `pag_destin` varchar(50) DEFAULT NULL,
  `pag_estado` varchar(15) DEFAULT 'ACTIVO',
  `pag_numletra` varchar(254) DEFAULT NULL,
  `pag_observ` varchar(254) DEFAULT NULL,
  `pag_fecrec` date DEFAULT NULL,
  PRIMARY KEY (`pag_codigo`),
  KEY `pagos_FKIndex1` (`obr_codigo`),
  KEY `pagos_FKIndex2` (`usu_codigo`),
  CONSTRAINT `pagos_ibfk_1` FOREIGN KEY (`obr_codigo`) REFERENCES `obras` (`obr_codigo`) ON DELETE NO ACTION ON UPDATE NO ACTION,
  CONSTRAINT `pagos_ibfk_2` FOREIGN KEY (`usu_codigo`) REFERENCES `usuarios` (`usu_codigo`) ON DELETE NO ACTION ON UPDATE NO ACTION
) ENGINE=InnoDB AUTO_INCREMENT=23 DEFAULT CHARSET=latin1;
/*!40101 SET character_set_client = @saved_cs_client */;

--
-- Dumping data for table `pagos`
--

LOCK TABLES `pagos` WRITE;
/*!40000 ALTER TABLE `pagos` DISABLE KEYS */;
INSERT INTO `pagos` VALUES (1,1,14,'2014-04-09 16:09:31',86886.00,'TOTAL','ACTIVO','OCHENTA Y SEIS MIL OCHOCIENTOS OCHENTA Y SEIS PESOS',NULL,NULL),(2,1,13,'2014-04-09 16:16:03',2500.00,'TOTAL','ACTIVO','DOS MIL QUINIENTOS PESOS',NULL,NULL),(3,1,12,'2014-04-09 16:18:19',5000.00,'PRIETO','ACTIVO','CINCO MIL PESOS',NULL,NULL),(4,1,12,'2014-04-09 16:19:37',4000.00,'PRIERO','ACTIVO','CUATRO MIL PESOS',NULL,NULL),(5,1,11,'2014-04-09 16:29:59',48999.00,'TOTAL','ANULADO','CUARENTA Y OCHO MIL NOVECIENTOS NOVENTA Y NUEVE PESOS',NULL,NULL),(6,1,11,'2014-04-09 16:32:12',25800.00,'TOTAL','ACTIVO','VENTICINCO MIL OCHOCIENTOS PESOS',NULL,NULL),(7,1,8,'2014-04-09 16:46:47',31000.00,'TOTAL','ACTIVO','TREINTA Y UN MIL PESOS',NULL,NULL),(8,1,7,'2014-04-09 16:52:14',61220.00,'TOTAL MANO DE OBRA','ACTIVO','SESENTA Y UN MIL DOSCIENTOS VEINTEPESOS',NULL,NULL),(9,1,6,'2014-04-09 16:54:33',82625.00,'TOTAL MANO DE OBRA','ACTIVO','OCHENTA Y DOS MIL SEISCIENTOS VENTICINCO PESOS',NULL,NULL),(10,1,5,'2014-04-09 16:58:55',81500.00,'TOTAL MANO DE OBRA','ACTIVO','OCHENTA Y UN MIL QUINIENTOS PESOS',NULL,NULL),(11,1,4,'2014-04-09 17:01:36',35700.00,'TOTAL MANO DE OBRA','ANULADO','TREINTA Y CINCO MIL SETECIENTOS PESOS',NULL,NULL),(12,1,4,'2014-04-09 17:03:00',134200.00,'TOTAL MANO DE OBRA','ACTIVO','CIENTO TREINTA Y CUATRO MIL DOSCIENTOS PESOS',NULL,NULL),(13,1,3,'2014-04-09 17:05:48',58105.00,'MANO TOTAL','ANULADO','CINCUENTA Y OCHO MIL CIENTO CINCO PESOS',NULL,NULL),(14,1,3,'2014-04-09 17:09:05',101575.00,'MANO TOTAL','ACTIVO','CIENTO UN MIL QUINIENTOS SETENTA Y CINCO PESOS',NULL,NULL),(15,1,2,'2014-04-09 17:13:31',72410.00,'TOTAL MANO','ACTIVO','SETENTA Y DOS MIL CUATROCIENTOS DIEZ PESOS',NULL,NULL),(16,1,2,'2014-04-09 17:14:24',25555.00,'HERRERIA','ACTIVO','VENTICINCO MIL QUINIENTOS CINCUENTA Y CINCO PESOS',NULL,NULL),(17,1,1,'2014-04-09 17:17:46',181734.00,'TOTAL','ACTIVO','CIENTO OCHENTA Y UN MIL SETECIENTOS TREINTA Y CUATRO PESOS',NULL,NULL),(18,1,9,'2014-04-09 17:20:55',22200.00,'MIGUEL ','ACTIVO','VENTIDOS MIL DOSCIENTOS PESOS',NULL,NULL),(19,1,5,'2014-04-17 10:45:53',1345.21,'CARLOS ALBERTO','ACTIVO','MIL TRESCIENTOS CUARENTA Y CINCO PESOS CON VENTIUN CENTAVOS',' SARASA',NULL),(20,1,6,'2014-04-17 10:46:59',1230.31,'CARLIS SARAAS','ACTIVO','MIL DOSCIENTOS TREINTA PESOS CON TREINTA Y UN CENTAVOS',' RASAR',NULL),(21,1,12,'2014-04-22 21:19:28',300.00,'MARIO PRIETO','ACTIVO','TRESCIENTOS PESOS',' ','2014-04-25'),(22,1,5,'2014-04-22 21:20:39',12345.00,'LUCAS SUARE<','ACTIVO','DOCE MIL TRESCIENTOS CUARENTA Y CINCO PESOS',' ','2014-04-25');
/*!40000 ALTER TABLE `pagos` ENABLE KEYS */;
UNLOCK TABLES;

--
-- Table structure for table `pantallas`
--

DROP TABLE IF EXISTS `pantallas`;
/*!40101 SET @saved_cs_client     = @@character_set_client */;
/*!40101 SET character_set_client = utf8 */;
CREATE TABLE `pantallas` (
  `pan_codigo` int(10) unsigned NOT NULL AUTO_INCREMENT,
  `pan_descri` varchar(30) DEFAULT NULL,
  PRIMARY KEY (`pan_codigo`)
) ENGINE=InnoDB AUTO_INCREMENT=42 DEFAULT CHARSET=latin1;
/*!40101 SET character_set_client = @saved_cs_client */;

--
-- Dumping data for table `pantallas`
--

LOCK TABLES `pantallas` WRITE;
/*!40000 ALTER TABLE `pantallas` DISABLE KEYS */;
INSERT INTO `pantallas` VALUES (1,'USUARIOS'),(2,'PERMISOS'),(3,'PROVEEDORES'),(4,'UNIDADES'),(5,'ITEMS'),(6,'MANO DE OBRA'),(7,'PRESUPUESTO'),(8,'RUBRO'),(9,'OBRAS'),(10,'DEPOSITO DE CLIENTES'),(11,'ENTREGA DE MATERIALES'),(12,'PAGO DE MANO DE OBRA'),(13,'PAGO PROVEEDORES'),(14,'COBRO DE HONORARIOS'),(15,'INFORME DE PRESUPUESTOS'),(16,'INFORME DE OBRAS'),(17,'INFORME DE DEPOSITOS DE CLIENT'),(18,'ENTREGA DE MATERIALES (NO OBRA'),(19,'INFORME DE ENTREGA DE MATERIAL'),(20,'INFORME DE STOCK'),(21,'CLIENTES'),(22,'VENTAS'),(24,'ANULAR VENTAS'),(25,'COBROS'),(29,'INFORME DE CLIENTE'),(30,'INFORME DE VENTA'),(31,'INFORME DE COBRO'),(32,'INFORME DE CUENTA CORRIENTE'),(34,'ANULAR COBROS'),(37,'GASTOS'),(38,'ANULAR GASTOS'),(39,'INFORME DE GASTOS'),(40,'INFORMES ESPECIALES'),(41,'AJUSTE AUTOMATICO DE PRECIOS');
/*!40000 ALTER TABLE `pantallas` ENABLE KEYS */;
UNLOCK TABLES;

--
-- Table structure for table `paprove`
--

DROP TABLE IF EXISTS `paprove`;
/*!40101 SET @saved_cs_client     = @@character_set_client */;
/*!40101 SET character_set_client = utf8 */;
CREATE TABLE `paprove` (
  `ppr_codigo` int(10) unsigned NOT NULL AUTO_INCREMENT,
  `pro_codigo` int(10) unsigned NOT NULL,
  `usu_codigo` int(10) unsigned NOT NULL,
  `obr_codigo` int(10) unsigned NOT NULL,
  `ppr_horfec` datetime DEFAULT NULL,
  `ppr_monto` float(10,2) DEFAULT NULL,
  `ppr_estado` varchar(15) DEFAULT 'ACTIVO',
  `ppr_numletra` varchar(254) DEFAULT NULL,
  `ppr_observ` varchar(254) DEFAULT NULL,
  PRIMARY KEY (`ppr_codigo`),
  KEY `paprove_FKIndex1` (`obr_codigo`),
  KEY `paprove_FKIndex2` (`usu_codigo`),
  KEY `paprove_FKIndex3` (`pro_codigo`),
  CONSTRAINT `paprove_ibfk_1` FOREIGN KEY (`obr_codigo`) REFERENCES `obras` (`obr_codigo`) ON DELETE NO ACTION ON UPDATE NO ACTION,
  CONSTRAINT `paprove_ibfk_2` FOREIGN KEY (`usu_codigo`) REFERENCES `usuarios` (`usu_codigo`) ON DELETE NO ACTION ON UPDATE NO ACTION,
  CONSTRAINT `paprove_ibfk_3` FOREIGN KEY (`pro_codigo`) REFERENCES `proveedor` (`pro_codigo`) ON DELETE NO ACTION ON UPDATE NO ACTION
) ENGINE=InnoDB AUTO_INCREMENT=19 DEFAULT CHARSET=latin1;
/*!40101 SET character_set_client = @saved_cs_client */;

--
-- Dumping data for table `paprove`
--

LOCK TABLES `paprove` WRITE;
/*!40000 ALTER TABLE `paprove` DISABLE KEYS */;
INSERT INTO `paprove` VALUES (1,2,1,14,'2014-04-09 16:05:03',181620.34,'ACTIVO','CIENTO OCHENTA Y UN MIL SEISCIENTOS VEINTEPESOS CON TREINTA Y CUATRO CENTAVOS',NULL),(2,2,1,13,'2014-04-09 16:15:43',1876.00,'ACTIVO','MIL OCHOCIENTOS SETENTA Y SEIS PESOS',NULL),(3,2,1,12,'2014-04-09 16:21:45',57292.00,'ACTIVO','CINCUENTA Y SIETE MIL DOSCIENTOS NOVENTA Y DOS PESOS',NULL),(4,2,1,11,'2014-04-09 16:32:45',20199.00,'ACTIVO','VEINTEMIL CIENTO NOVENTA Y NUEVE PESOS',NULL),(5,2,1,10,'2014-04-09 16:34:46',25791.00,'ACTIVO','VENTICINCO MIL SETECIENTOS NOVENTA Y UN PESOS',NULL),(6,2,1,8,'2014-04-09 16:38:42',31133.00,'ACTIVO','TREINTA Y UN MIL CIENTO TREINTA Y TRES PESOS',NULL),(7,2,1,7,'2014-04-09 16:52:38',27014.00,'ACTIVO','VENTISIETE MIL CATORCE PESOS',NULL),(8,2,1,6,'2014-04-09 16:54:58',67687.95,'ACTIVO','SESENTA Y SIETE MIL SEISCIENTOS OCHENTA Y SIETE PESOS CON NOVENTA Y CINCO CENTAVOS',NULL),(9,2,1,5,'2014-04-09 16:59:24',35576.00,'ACTIVO','TREINTA Y CINCO MIL QUINIENTOS SETENTA Y SEIS PESOS',NULL),(10,2,1,4,'2014-04-09 17:02:12',91702.90,'ACTIVO','NOVENTA Y UN MIL SETECIENTOS DOS PESOS CON NOVENTA CENTAVOS',NULL),(11,2,1,3,'2014-04-09 17:05:27',115979.93,'ANULADO','CIENTO QUINCE MIL NOVECIENTOS SETENTA Y NUEVE PESOS CON NOVENTA Y TRES CENTAVOS',NULL),(12,2,1,3,'2014-04-09 17:09:34',90625.75,'ACTIVO','NOVENTA MIL SEISCIENTOS VENTICINCO PESOS CON SETENTA Y CINCO CENTAVOS',NULL),(13,2,1,2,'2014-04-09 17:13:50',93199.40,'ACTIVO','NOVENTA Y TRES MIL CIENTO NOVENTA Y NUEVE PESOS CON CUARENTA CENTAVOS',NULL),(14,2,1,1,'2014-04-09 17:18:01',110461.60,'ACTIVO','CIENTO DIEZ MIL CUATROCIENTOS SESENTA Y UN PESOS CON SESENTA CENTAVOS',NULL),(15,2,1,9,'2014-04-09 17:20:25',495.00,'ACTIVO','CUATROCIENTOS NOVENTA Y CINCO PESOS',NULL),(16,3,1,8,'2014-04-14 09:40:08',5000.00,'ACTIVO','CINCO MIL PESOS',NULL),(17,4,1,8,'2014-04-14 09:42:55',3000.00,'ACTIVO','TRES MIL PESOS',NULL),(18,1,1,8,'2014-04-14 09:47:59',2000.00,'ACTIVO','DOS MIL PESOS',NULL);
/*!40000 ALTER TABLE `paprove` ENABLE KEYS */;
UNLOCK TABLES;

--
-- Table structure for table `permisos`
--

DROP TABLE IF EXISTS `permisos`;
/*!40101 SET @saved_cs_client     = @@character_set_client */;
/*!40101 SET character_set_client = utf8 */;
CREATE TABLE `permisos` (
  `usu_codigo` int(10) unsigned NOT NULL,
  `pan_codigo` int(10) unsigned NOT NULL,
  `per_permis` int(10) unsigned DEFAULT NULL,
  PRIMARY KEY (`usu_codigo`,`pan_codigo`),
  KEY `usuarios_has_pantallas_FKIndex1` (`usu_codigo`),
  KEY `usuarios_has_pantallas_FKIndex2` (`pan_codigo`),
  CONSTRAINT `permisos_ibfk_1` FOREIGN KEY (`usu_codigo`) REFERENCES `usuarios` (`usu_codigo`) ON DELETE NO ACTION ON UPDATE NO ACTION,
  CONSTRAINT `permisos_ibfk_2` FOREIGN KEY (`pan_codigo`) REFERENCES `pantallas` (`pan_codigo`) ON DELETE NO ACTION ON UPDATE NO ACTION
) ENGINE=InnoDB DEFAULT CHARSET=latin1;
/*!40101 SET character_set_client = @saved_cs_client */;

--
-- Dumping data for table `permisos`
--

LOCK TABLES `permisos` WRITE;
/*!40000 ALTER TABLE `permisos` DISABLE KEYS */;
INSERT INTO `permisos` VALUES (1,1,1),(1,2,1),(1,3,1),(1,4,1),(1,5,1),(1,6,1),(1,7,1),(1,8,1),(1,9,1),(1,10,1),(1,11,1),(1,12,1),(1,13,1),(1,14,1),(1,15,1),(1,16,1),(1,17,1),(1,18,1),(1,19,1),(1,20,1),(1,21,1),(1,22,1),(1,24,1),(1,25,1),(1,29,1),(1,30,1),(1,31,1),(1,32,1),(1,34,1),(1,37,1),(1,38,1),(1,39,1),(1,40,1),(1,41,1),(2,1,1),(2,2,1),(2,3,1),(2,4,1),(2,5,1),(2,7,1),(2,8,1),(2,9,1),(2,10,1),(2,11,1),(2,12,1),(2,13,1),(2,14,1),(2,15,1),(2,16,1),(2,17,1),(2,18,1),(2,19,1),(2,20,1),(2,21,1),(2,22,1),(2,24,1),(2,25,1),(2,29,1),(2,30,1),(2,31,1),(2,32,1),(2,34,1),(2,37,1),(2,38,1),(2,39,1),(2,40,1),(2,41,1);
/*!40000 ALTER TABLE `permisos` ENABLE KEYS */;
UNLOCK TABLES;

--
-- Table structure for table `presupuesto`
--

DROP TABLE IF EXISTS `presupuesto`;
/*!40101 SET @saved_cs_client     = @@character_set_client */;
/*!40101 SET character_set_client = utf8 */;
CREATE TABLE `presupuesto` (
  `pre_codigo` int(10) unsigned NOT NULL AUTO_INCREMENT,
  `usu_codigo` int(10) unsigned NOT NULL,
  `pre_destin` varchar(100) DEFAULT NULL,
  `pre_proyec` varchar(100) DEFAULT NULL,
  `pre_fechor` datetime DEFAULT NULL,
  `pre_manobr` float(10,2) DEFAULT NULL,
  `pre_materi` float(10,2) DEFAULT NULL,
  `pre_total` float(10,2) DEFAULT NULL,
  `pre_porhon` float(10,2) DEFAULT NULL,
  `pre_honora` float(10,2) DEFAULT NULL,
  `pre_porgas` float(10,2) DEFAULT NULL,
  `pre_gasvar` float(10,2) DEFAULT NULL,
  `pre_estado` varchar(30) DEFAULT 'ACTIVO',
  PRIMARY KEY (`pre_codigo`),
  KEY `presupuesto_FKIndex2` (`usu_codigo`),
  CONSTRAINT `presupuesto_ibfk_1` FOREIGN KEY (`usu_codigo`) REFERENCES `usuarios` (`usu_codigo`) ON DELETE NO ACTION ON UPDATE NO ACTION
) ENGINE=InnoDB AUTO_INCREMENT=13 DEFAULT CHARSET=latin1;
/*!40101 SET character_set_client = @saved_cs_client */;

--
-- Dumping data for table `presupuesto`
--

LOCK TABLES `presupuesto` WRITE;
/*!40000 ALTER TABLE `presupuesto` DISABLE KEYS */;
INSERT INTO `presupuesto` VALUES (1,1,'ASDSADSA','ASDASDSA','2014-03-04 14:11:22',0.00,6248.50,6248.50,0.00,0.00,0.00,0.00,'ANULADO'),(2,1,'ASDASDASd','ASDASD','2014-03-04 14:13:31',0.00,15621.25,15621.25,0.00,0.00,0.00,0.00,'ANULADO'),(3,1,'ASDASD','ASDASD','2014-03-04 14:14:06',0.00,15621.25,15621.25,0.00,0.00,0.00,0.00,'ACTIVO'),(4,1,'ASDASD','ASDASD','2014-03-04 14:38:55',0.00,24994.00,24994.00,0.00,0.00,0.00,0.00,'ACTIVO'),(5,1,'ASDASD','ASDASD','2014-03-04 14:42:28',0.00,25564.17,25564.17,0.00,0.00,0.00,0.00,'ACTIVO'),(6,1,'FDSFD','FDGFD','2014-03-05 16:27:10',2400.00,27462.50,37776.07,10.00,3434.19,15.00,4479.38,'ACTIVO'),(7,1,'ASDASD','ASDASD','2014-03-16 09:53:37',0.00,63400.00,63400.00,0.00,0.00,0.00,0.00,'ACTIVO'),(8,1,'ASDSAD','SADSAD','2014-03-16 14:08:31',1430.00,16090.00,22162.80,15.00,2890.80,10.00,1752.00,'ACTIVO'),(9,1,'LUCAS SUAREZ','LOCALES COMERCIALES','2014-03-16 14:58:57',13700.00,45436.00,74807.04,15.00,9757.44,10.00,5913.60,'ACTIVO'),(10,1,'LUCAS SUAREZ','LOCALES COMERCIALES','2014-03-16 15:00:36',3165.00,40700.00,55489.23,15.00,7237.73,10.00,4386.50,'ACTIVO'),(11,1,'LUCAS','LOCALES','2014-03-19 15:45:31',318.00,30512.00,47305.55,37.00,12775.95,12.00,3699.60,'ACTIVO'),(12,1,'SADSAD','DASD','2014-03-19 17:33:26',0.00,16306.00,16306.00,0.00,0.00,0.00,0.00,'ACTIVO');
/*!40000 ALTER TABLE `presupuesto` ENABLE KEYS */;
UNLOCK TABLES;

--
-- Table structure for table `presupuesto_detalle_mo`
--

DROP TABLE IF EXISTS `presupuesto_detalle_mo`;
/*!40101 SET @saved_cs_client     = @@character_set_client */;
/*!40101 SET character_set_client = utf8 */;
CREATE TABLE `presupuesto_detalle_mo` (
  `pre_codigo` int(10) unsigned NOT NULL,
  `mdo_codigo` int(10) unsigned NOT NULL,
  `pdm_cantid` int(10) unsigned DEFAULT NULL,
  `pdm_subtot` float(10,2) DEFAULT NULL,
  PRIMARY KEY (`pre_codigo`,`mdo_codigo`),
  KEY `presupuesto_has_mano_de_obra_FKIndex1` (`pre_codigo`),
  KEY `presupuesto_has_mano_de_obra_FKIndex2` (`mdo_codigo`),
  CONSTRAINT `presupuesto_detalle_mo_ibfk_1` FOREIGN KEY (`pre_codigo`) REFERENCES `presupuesto` (`pre_codigo`) ON DELETE NO ACTION ON UPDATE NO ACTION,
  CONSTRAINT `presupuesto_detalle_mo_ibfk_2` FOREIGN KEY (`mdo_codigo`) REFERENCES `mano_de_obra` (`mdo_codigo`) ON DELETE NO ACTION ON UPDATE NO ACTION
) ENGINE=InnoDB DEFAULT CHARSET=latin1;
/*!40101 SET character_set_client = @saved_cs_client */;

--
-- Dumping data for table `presupuesto_detalle_mo`
--

LOCK TABLES `presupuesto_detalle_mo` WRITE;
/*!40000 ALTER TABLE `presupuesto_detalle_mo` DISABLE KEYS */;
INSERT INTO `presupuesto_detalle_mo` VALUES (8,1,10,230.00),(8,2,100,1200.00),(9,1,20,2000.00),(9,2,130,11700.00),(10,1,10,900.00),(10,2,15,1650.00),(10,3,5,615.00),(11,2,6,138.00),(11,3,4,180.00);
/*!40000 ALTER TABLE `presupuesto_detalle_mo` ENABLE KEYS */;
UNLOCK TABLES;

--
-- Table structure for table `presupuesto_has_items`
--

DROP TABLE IF EXISTS `presupuesto_has_items`;
/*!40101 SET @saved_cs_client     = @@character_set_client */;
/*!40101 SET character_set_client = utf8 */;
CREATE TABLE `presupuesto_has_items` (
  `ite_codigo` int(10) unsigned NOT NULL,
  `pre_codigo` int(10) unsigned NOT NULL,
  `uni_codig2` int(10) unsigned NOT NULL,
  `uni_codig1` int(10) unsigned NOT NULL,
  `uni_codigo` int(10) unsigned NOT NULL,
  `rub_codigo` int(10) unsigned NOT NULL,
  `pdt_cantid` float(10,3) DEFAULT NULL,
  `pdt_cancon` float(10,3) DEFAULT NULL,
  `pdt_totmat` float(10,3) DEFAULT NULL,
  `pdt_medcom` float(10,3) DEFAULT NULL,
  `pdi_total` float(10,3) DEFAULT NULL,
  `pdi_preuni` float(10,2) DEFAULT NULL,
  `pdi_subtot` float(10,2) DEFAULT NULL,
  KEY `presupuesto_has_items_FKIndex1` (`pre_codigo`),
  KEY `presupuesto_has_items_FKIndex2` (`ite_codigo`),
  KEY `presupuesto_has_items_FKIndex3` (`rub_codigo`),
  KEY `presupuesto_has_items_FKIndex4` (`uni_codigo`),
  KEY `presupuesto_has_items_FKIndex5` (`uni_codig1`),
  KEY `presupuesto_has_items_FKIndex6` (`uni_codig2`),
  CONSTRAINT `presupuesto_has_items_ibfk_3` FOREIGN KEY (`rub_codigo`) REFERENCES `rubro` (`rub_codigo`) ON DELETE NO ACTION ON UPDATE NO ACTION,
  CONSTRAINT `presupuesto_has_items_ibfk_4` FOREIGN KEY (`uni_codigo`) REFERENCES `unidades` (`uni_codigo`) ON DELETE NO ACTION ON UPDATE NO ACTION,
  CONSTRAINT `presupuesto_has_items_ibfk_5` FOREIGN KEY (`uni_codig1`) REFERENCES `unidades` (`uni_codigo`) ON DELETE NO ACTION ON UPDATE NO ACTION,
  CONSTRAINT `presupuesto_has_items_ibfk_6` FOREIGN KEY (`uni_codig2`) REFERENCES `unidades` (`uni_codigo`) ON DELETE NO ACTION ON UPDATE NO ACTION
) ENGINE=InnoDB DEFAULT CHARSET=latin1;
/*!40101 SET character_set_client = @saved_cs_client */;

--
-- Dumping data for table `presupuesto_has_items`
--

LOCK TABLES `presupuesto_has_items` WRITE;
/*!40000 ALTER TABLE `presupuesto_has_items` DISABLE KEYS */;
INSERT INTO `presupuesto_has_items` VALUES (2,5,2,2,2,4,0.750,5.000,3.750,6.000,1.000,850.00,531.25),(4,5,4,7,19,4,300.000,5.000,1500.000,50.000,30.000,80.00,2400.00),(5,5,5,6,6,4,12.000,5.000,60.000,1.000,60.000,39.00,2340.00),(6,5,5,6,6,4,12.000,5.000,60.000,1.000,60.000,63.00,3780.00),(8,5,2,14,2,4,0.750,5.000,3.750,1.500,3.000,300.00,750.00),(9,5,5,6,6,4,12.000,5.000,60.000,1.000,60.000,97.00,5820.00),(10,5,7,7,13,4,1.000,5.000,5.000,1.000,5.000,0.00,0.00),(11,5,7,7,13,4,1.000,5.000,5.000,1.000,5.000,0.00,0.00),(2,5,2,2,2,4,1.000,1.000,1.000,6.000,0.000,850.00,141.67),(11,5,7,7,13,6,1.000,5.000,5.000,1.000,5.000,0.00,0.00),(2,5,2,2,2,6,0.750,5.000,3.750,6.000,1.000,850.00,531.25),(4,5,4,7,19,6,300.000,5.000,1500.000,50.000,30.000,80.00,2400.00),(10,5,7,7,13,6,1.000,5.000,5.000,1.000,5.000,0.00,0.00),(5,5,5,6,6,6,12.000,5.000,60.000,1.000,60.000,39.00,2340.00),(6,5,5,6,6,6,12.000,5.000,60.000,1.000,60.000,63.00,3780.00),(8,5,2,14,2,6,0.750,5.000,3.750,1.500,3.000,300.00,750.00),(11,6,7,7,13,4,1.000,5.000,5.000,1.000,5.000,0.00,0.00),(2,6,2,2,2,4,0.750,5.000,3.750,6.000,1.000,850.00,531.25),(4,6,4,7,19,4,300.000,5.000,1500.000,50.000,30.000,80.00,2400.00),(10,6,7,7,13,4,1.000,5.000,5.000,1.000,5.000,0.00,0.00),(9,6,5,6,6,4,12.000,5.000,60.000,1.000,60.000,97.00,5820.00),(5,6,5,6,6,4,12.000,5.000,60.000,1.000,60.000,39.00,2340.00),(6,6,5,6,6,4,12.000,5.000,60.000,1.000,60.000,63.00,3780.00),(8,6,2,14,2,4,0.750,5.000,3.750,1.500,3.000,300.00,750.00),(11,6,7,7,13,7,1.000,5.000,5.000,1.000,5.000,0.00,0.00),(2,6,2,2,2,7,0.750,5.000,3.750,6.000,1.000,850.00,531.25),(4,6,4,7,19,7,300.000,5.000,1500.000,50.000,30.000,80.00,2400.00),(10,6,7,7,13,7,1.000,5.000,5.000,1.000,5.000,0.00,0.00),(9,6,5,6,6,7,12.000,5.000,60.000,1.000,60.000,97.00,5820.00),(5,6,5,6,6,7,12.000,5.000,60.000,1.000,60.000,39.00,2340.00),(8,6,2,14,2,7,0.750,5.000,3.750,1.500,3.000,300.00,750.00),(11,7,7,7,13,4,1.000,5.000,5.000,1.000,5.000,0.00,0.00),(2,7,2,2,2,4,0.750,5.000,3.750,6.000,1.000,850.00,850.00),(4,7,4,7,19,4,300.000,5.000,1500.000,50.000,30.000,80.00,2400.00),(10,7,7,7,13,4,1.000,5.000,5.000,1.000,5.000,0.00,0.00),(9,7,5,6,6,4,12.000,5.000,60.000,1.000,60.000,97.00,5820.00),(5,7,5,6,6,4,12.000,5.000,60.000,1.000,60.000,39.00,2340.00),(6,7,5,6,6,4,12.000,5.000,60.000,1.000,60.000,63.00,3780.00),(8,7,2,14,2,4,0.750,5.000,3.750,1.500,3.000,300.00,900.00),(11,7,7,7,13,5,1.000,5.000,5.000,1.000,5.000,0.00,0.00),(2,7,2,2,2,5,0.750,5.000,3.750,6.000,1.000,850.00,850.00),(4,7,4,7,19,5,300.000,5.000,1500.000,50.000,30.000,80.00,2400.00),(10,7,7,7,13,5,1.000,5.000,5.000,1.000,5.000,0.00,0.00),(9,7,5,6,6,5,12.000,5.000,60.000,1.000,60.000,97.00,5820.00),(5,7,5,6,6,5,12.000,5.000,60.000,1.000,60.000,39.00,2340.00),(6,7,5,6,6,5,12.000,5.000,60.000,1.000,60.000,63.00,3780.00),(8,7,2,14,2,5,0.750,5.000,3.750,1.500,3.000,300.00,900.00),(11,7,7,7,13,8,1.000,6.000,6.000,1.000,6.000,0.00,0.00),(2,7,2,2,2,8,0.750,6.000,4.500,6.000,1.000,850.00,850.00),(4,7,4,7,19,8,300.000,6.000,1800.000,50.000,36.000,80.00,2880.00),(10,7,7,7,13,8,1.000,6.000,6.000,1.000,6.000,0.00,0.00),(28,7,5,6,6,8,12.000,6.000,72.000,1.000,72.000,61.00,4392.00),(5,7,5,6,6,8,12.000,6.000,72.000,1.000,72.000,39.00,2808.00),(8,7,2,14,2,8,0.750,6.000,4.500,1.500,3.000,300.00,900.00),(11,7,7,7,13,6,1.000,10.000,10.000,1.000,10.000,0.00,0.00),(2,7,2,2,2,6,0.750,10.000,7.500,6.000,1.000,850.00,850.00),(4,7,4,7,19,6,300.000,10.000,3000.000,50.000,60.000,80.00,4800.00),(10,7,7,7,13,6,1.000,10.000,10.000,1.000,10.000,0.00,0.00),(5,7,5,6,6,6,12.000,10.000,120.000,1.000,120.000,39.00,4680.00),(6,7,5,6,6,6,12.000,10.000,120.000,1.000,120.000,63.00,7560.00),(8,7,2,14,2,6,0.750,10.000,7.500,1.500,5.000,300.00,1500.00),(11,8,7,7,13,4,1.000,5.000,5.000,1.000,5.000,0.00,0.00),(2,8,2,2,2,4,0.750,5.000,3.750,6.000,1.000,850.00,850.00),(4,8,4,7,19,4,300.000,5.000,1500.000,50.000,30.000,80.00,2400.00),(10,8,7,7,13,4,1.000,5.000,5.000,1.000,5.000,0.00,0.00),(9,8,5,6,6,4,12.000,5.000,60.000,1.000,60.000,97.00,5820.00),(5,8,5,6,6,4,12.000,5.000,60.000,1.000,60.000,39.00,2340.00),(6,8,5,6,6,4,12.000,5.000,60.000,1.000,60.000,63.00,3780.00),(8,8,2,14,2,4,0.750,5.000,3.750,1.500,3.000,300.00,900.00),(11,9,7,7,13,4,1.000,5.000,5.000,1.000,5.000,0.00,0.00),(2,9,2,2,2,4,0.750,5.000,3.750,6.000,1.000,850.00,850.00),(4,9,4,7,19,4,300.000,5.000,1500.000,50.000,30.000,80.00,2400.00),(10,9,7,7,13,4,1.000,5.000,5.000,1.000,5.000,0.00,0.00),(9,9,5,6,6,4,12.000,5.000,60.000,1.000,60.000,97.00,5820.00),(5,9,5,6,6,4,12.000,5.000,60.000,1.000,60.000,39.00,2340.00),(6,9,5,6,6,4,12.000,5.000,60.000,1.000,60.000,63.00,3780.00),(8,9,2,14,2,4,0.750,5.000,3.750,1.500,3.000,300.00,900.00),(11,9,7,7,13,5,1.000,3.000,3.000,1.000,3.000,0.00,0.00),(2,9,2,2,2,5,0.750,3.000,2.250,6.000,0.000,850.00,0.00),(4,9,4,7,19,5,300.000,3.000,900.000,50.000,18.000,80.00,1440.00),(10,9,7,7,13,5,1.000,3.000,3.000,1.000,3.000,0.00,0.00),(9,9,5,6,6,5,12.000,3.000,36.000,1.000,36.000,97.00,3492.00),(5,9,5,6,6,5,12.000,3.000,36.000,1.000,36.000,39.00,1404.00),(6,9,5,6,6,5,12.000,3.000,36.000,1.000,36.000,63.00,2268.00),(8,9,2,14,2,5,0.750,3.000,2.250,1.500,2.000,300.00,600.00),(11,9,7,7,13,7,1.000,6.000,6.000,1.000,6.000,0.00,0.00),(2,9,2,2,2,7,0.750,6.000,4.500,6.000,1.000,850.00,850.00),(4,9,4,7,19,7,300.000,6.000,1800.000,50.000,36.000,80.00,2880.00),(10,9,7,7,13,7,1.000,6.000,6.000,1.000,6.000,0.00,0.00),(9,9,5,6,6,7,12.000,6.000,72.000,1.000,72.000,97.00,6984.00),(5,9,5,6,6,7,12.000,6.000,72.000,1.000,72.000,39.00,2808.00),(8,9,2,14,2,7,0.750,6.000,4.500,1.500,3.000,300.00,900.00),(11,9,7,7,13,8,1.000,3.000,3.000,1.000,3.000,0.00,0.00),(2,9,2,2,2,8,0.750,3.000,2.250,6.000,0.000,850.00,0.00),(4,9,4,7,19,8,300.000,3.000,900.000,50.000,18.000,80.00,1440.00),(10,9,7,7,13,8,1.000,3.000,3.000,1.000,3.000,0.00,0.00),(28,9,5,6,6,8,12.000,3.000,36.000,1.000,36.000,61.00,2196.00),(5,9,5,6,6,8,12.000,3.000,36.000,1.000,36.000,39.00,1404.00),(8,9,2,14,2,8,0.750,3.000,2.250,1.500,2.000,300.00,600.00),(2,9,2,2,2,11,0.050,5.000,0.250,6.000,0.000,850.00,0.00),(3,9,2,7,19,11,7.800,5.000,39.000,25.000,2.000,40.00,80.00),(4,9,4,7,19,11,4.500,5.000,22.500,50.000,0.000,80.00,0.00),(8,9,2,14,2,11,0.076,5.000,0.380,1.500,0.000,300.00,0.00),(11,10,7,7,13,4,1.000,3.000,3.000,1.000,3.000,0.00,0.00),(2,10,2,2,2,4,0.750,3.000,2.250,6.000,0.000,850.00,0.00),(4,10,4,7,19,4,300.000,3.000,900.000,50.000,18.000,80.00,1440.00),(10,10,7,7,13,4,1.000,3.000,3.000,1.000,3.000,0.00,0.00),(9,10,5,6,6,4,12.000,3.000,36.000,1.000,36.000,97.00,3492.00),(5,10,5,6,6,4,12.000,3.000,36.000,1.000,36.000,39.00,1404.00),(6,10,5,6,6,4,12.000,3.000,36.000,1.000,36.000,63.00,2268.00),(8,10,2,14,2,4,0.750,3.000,2.250,1.500,2.000,300.00,600.00),(11,10,7,7,13,5,1.000,4.000,4.000,1.000,4.000,0.00,0.00),(2,10,2,2,2,5,0.750,4.000,3.000,6.000,1.000,850.00,850.00),(4,10,4,7,19,5,300.000,4.000,1200.000,50.000,24.000,80.00,1920.00),(10,10,7,7,13,5,1.000,4.000,4.000,1.000,4.000,0.00,0.00),(9,10,5,6,6,5,12.000,4.000,48.000,1.000,48.000,97.00,4656.00),(5,10,5,6,6,5,12.000,4.000,48.000,1.000,48.000,39.00,1872.00),(6,10,5,6,6,5,12.000,4.000,48.000,1.000,48.000,63.00,3024.00),(8,10,2,14,2,5,0.750,4.000,3.000,1.500,2.000,300.00,600.00),(11,10,7,7,13,6,1.000,6.000,6.000,1.000,6.000,0.00,0.00),(2,10,2,2,2,6,0.750,6.000,4.500,6.000,1.000,850.00,850.00),(4,10,4,7,19,6,300.000,6.000,1800.000,50.000,36.000,80.00,2880.00),(10,10,7,7,13,6,1.000,6.000,6.000,1.000,6.000,0.00,0.00),(5,10,5,6,6,6,12.000,6.000,72.000,1.000,72.000,39.00,2808.00),(6,10,5,6,6,6,12.000,6.000,72.000,1.000,72.000,63.00,4536.00),(8,10,2,14,2,6,0.750,6.000,4.500,1.500,3.000,300.00,900.00),(11,10,7,7,13,8,1.000,3.000,3.000,1.000,3.000,0.00,0.00),(2,10,2,2,2,8,0.750,3.000,2.250,6.000,0.000,850.00,0.00),(4,10,4,7,19,8,300.000,3.000,900.000,50.000,18.000,80.00,1440.00),(10,10,7,7,13,8,1.000,3.000,3.000,1.000,3.000,0.00,0.00),(28,10,5,6,6,8,12.000,3.000,36.000,1.000,36.000,61.00,2196.00),(5,10,5,6,6,8,12.000,3.000,36.000,1.000,36.000,39.00,1404.00),(8,10,2,14,2,8,0.750,3.000,2.250,1.500,2.000,300.00,600.00),(2,10,2,2,2,10,0.030,3.000,0.090,6.000,0.000,850.00,0.00),(4,10,4,7,20,10,5.000,3.000,15.000,50.000,0.000,80.00,0.00),(20,10,15,7,20,10,0.500,3.000,1.500,20.000,0.000,150.00,0.00),(21,10,16,3,13,10,1.000,3.000,3.000,1.000,3.000,320.00,960.00),(22,10,17,7,21,10,1.000,3.000,3.000,20.000,0.000,240.00,0.00),(11,11,7,7,13,4,1.000,5.000,5.000,1.000,5.000,0.00,0.00),(2,11,2,2,2,4,0.750,5.000,3.750,6.000,1.000,850.00,850.00),(4,11,4,7,19,4,300.000,5.000,1500.000,50.000,30.000,80.00,2400.00),(10,11,7,7,13,4,1.000,5.000,5.000,1.000,5.000,0.00,0.00),(9,11,5,6,6,4,12.000,5.000,60.000,1.000,60.000,97.00,5820.00),(5,11,5,6,6,4,12.000,5.000,60.000,1.000,60.000,39.00,2340.00),(6,11,5,6,6,4,12.000,5.000,60.000,1.000,60.000,63.00,3780.00),(8,11,2,14,2,4,0.750,5.000,3.750,1.500,3.000,300.00,900.00),(11,11,7,7,13,7,1.000,6.000,6.000,1.000,6.000,0.00,0.00),(2,11,2,2,2,7,0.750,6.000,4.500,6.000,1.000,850.00,850.00),(4,11,4,7,19,7,300.000,6.000,1800.000,50.000,36.000,80.00,2880.00),(10,11,7,7,13,7,1.000,6.000,6.000,1.000,6.000,0.00,0.00),(9,11,5,6,6,7,12.000,6.000,72.000,1.000,72.000,97.00,6984.00),(5,11,5,6,6,7,12.000,6.000,72.000,1.000,72.000,39.00,2808.00),(8,11,2,14,2,7,0.750,6.000,4.500,1.500,3.000,300.00,900.00),(11,12,7,7,13,4,1.000,2.000,2.000,1.000,2.000,0.00,0.00),(2,12,2,2,2,4,0.750,2.000,1.500,6.000,0.000,850.00,0.00),(4,12,4,7,19,4,300.000,2.000,600.000,50.000,12.000,80.00,960.00),(10,12,7,7,13,4,1.000,2.000,2.000,1.000,2.000,0.00,0.00),(9,12,5,6,6,4,12.000,2.000,24.000,1.000,24.000,97.00,2328.00),(5,12,5,6,6,4,12.000,2.000,24.000,1.000,24.000,39.00,936.00),(6,12,5,6,6,4,12.000,2.000,24.000,1.000,24.000,63.00,1512.00),(8,12,2,14,2,4,0.750,2.000,1.500,1.500,1.000,300.00,300.00),(11,12,7,7,13,6,1.000,5.000,5.000,1.000,5.000,0.00,0.00),(2,12,2,2,2,6,0.750,5.000,3.750,6.000,1.000,850.00,850.00),(4,12,4,7,19,6,300.000,5.000,1500.000,50.000,30.000,80.00,2400.00),(10,12,7,7,13,6,1.000,5.000,5.000,1.000,5.000,0.00,0.00),(5,12,5,6,6,6,12.000,5.000,60.000,1.000,60.000,39.00,2340.00),(6,12,5,6,6,6,12.000,5.000,60.000,1.000,60.000,63.00,3780.00),(8,12,2,14,2,6,0.750,5.000,3.750,1.500,3.000,300.00,900.00);
/*!40000 ALTER TABLE `presupuesto_has_items` ENABLE KEYS */;
UNLOCK TABLES;

--
-- Table structure for table `proveedor`
--

DROP TABLE IF EXISTS `proveedor`;
/*!40101 SET @saved_cs_client     = @@character_set_client */;
/*!40101 SET character_set_client = utf8 */;
CREATE TABLE `proveedor` (
  `pro_codigo` int(10) unsigned NOT NULL AUTO_INCREMENT,
  `pro_nombre` varchar(50) DEFAULT NULL,
  `pro_domici` varchar(50) DEFAULT NULL,
  `pro_telefo` varchar(50) DEFAULT NULL,
  PRIMARY KEY (`pro_codigo`)
) ENGINE=InnoDB AUTO_INCREMENT=6 DEFAULT CHARSET=latin1;
/*!40101 SET character_set_client = @saved_cs_client */;

--
-- Dumping data for table `proveedor`
--

LOCK TABLES `proveedor` WRITE;
/*!40000 ALTER TABLE `proveedor` DISABLE KEYS */;
INSERT INTO `proveedor` VALUES (1,'EL MOLINO',' ',' '),(2,'CORRALON AZUL',' ',' '),(3,'ROLGA',' ',' '),(4,'SARABIA',' ',' '),(5,'DON PASCUAL',' ',' ');
/*!40000 ALTER TABLE `proveedor` ENABLE KEYS */;
UNLOCK TABLES;

--
-- Table structure for table `retiros`
--

DROP TABLE IF EXISTS `retiros`;
/*!40101 SET @saved_cs_client     = @@character_set_client */;
/*!40101 SET character_set_client = utf8 */;
CREATE TABLE `retiros` (
  `ret_codigo` int(10) unsigned NOT NULL AUTO_INCREMENT,
  `pro_codigo` int(10) unsigned NOT NULL,
  `obr_codigo` int(10) unsigned NOT NULL,
  `usu_codigo` int(10) unsigned NOT NULL,
  `ret_fechor` datetime DEFAULT NULL,
  `ret_monto` float(10,2) DEFAULT NULL,
  `ret_estado` varchar(15) DEFAULT 'ACTIVO',
  PRIMARY KEY (`ret_codigo`),
  KEY `retiros_FKIndex1` (`usu_codigo`),
  KEY `retiros_FKIndex2` (`obr_codigo`),
  KEY `retiros_FKIndex3` (`pro_codigo`),
  CONSTRAINT `retiros_ibfk_1` FOREIGN KEY (`usu_codigo`) REFERENCES `usuarios` (`usu_codigo`) ON DELETE NO ACTION ON UPDATE NO ACTION,
  CONSTRAINT `retiros_ibfk_2` FOREIGN KEY (`obr_codigo`) REFERENCES `obras` (`obr_codigo`) ON DELETE NO ACTION ON UPDATE NO ACTION,
  CONSTRAINT `retiros_ibfk_3` FOREIGN KEY (`pro_codigo`) REFERENCES `proveedor` (`pro_codigo`) ON DELETE NO ACTION ON UPDATE NO ACTION
) ENGINE=InnoDB AUTO_INCREMENT=10 DEFAULT CHARSET=latin1;
/*!40101 SET character_set_client = @saved_cs_client */;

--
-- Dumping data for table `retiros`
--

LOCK TABLES `retiros` WRITE;
/*!40000 ALTER TABLE `retiros` DISABLE KEYS */;
INSERT INTO `retiros` VALUES (1,3,8,1,'2014-04-09 17:25:17',120.00,'ANULADO'),(2,2,14,1,'2014-04-09 17:30:19',300.00,'ANULADO'),(3,2,14,1,'2014-04-09 17:32:37',300.00,'ANULADO'),(4,2,1,1,'2014-04-22 08:39:23',970.00,'ACTIVO'),(5,5,1,1,'2014-04-22 09:40:33',1500.00,'ACTIVO'),(6,5,1,1,'2014-04-22 11:16:52',500.00,'ACTIVO'),(7,3,14,1,'2014-04-23 08:19:02',96.00,'ACTIVO'),(8,3,2,1,'2014-04-23 08:19:28',160.00,'ACTIVO'),(9,4,14,1,'2014-04-23 08:19:45',408.00,'ACTIVO');
/*!40000 ALTER TABLE `retiros` ENABLE KEYS */;
UNLOCK TABLES;

--
-- Table structure for table `retiros1`
--

DROP TABLE IF EXISTS `retiros1`;
/*!40101 SET @saved_cs_client     = @@character_set_client */;
/*!40101 SET character_set_client = utf8 */;
CREATE TABLE `retiros1` (
  `ret_codigo` int(10) unsigned NOT NULL AUTO_INCREMENT,
  `pro_codigo` int(10) unsigned NOT NULL,
  `ret_destin` varchar(50) DEFAULT ' ',
  `usu_codigo` int(10) unsigned NOT NULL,
  `ret_fechor` datetime DEFAULT NULL,
  `ret_monto` float(10,2) DEFAULT NULL,
  `ret_estado` varchar(15) DEFAULT 'ACTIVO',
  PRIMARY KEY (`ret_codigo`),
  KEY `retiros1_FKIndex1` (`usu_codigo`),
  KEY `retiros1_FKIndex3` (`pro_codigo`),
  CONSTRAINT `retiros1_ibfk_1` FOREIGN KEY (`usu_codigo`) REFERENCES `usuarios` (`usu_codigo`) ON DELETE NO ACTION ON UPDATE NO ACTION,
  CONSTRAINT `retiros1_ibfk_3` FOREIGN KEY (`pro_codigo`) REFERENCES `proveedor` (`pro_codigo`) ON DELETE NO ACTION ON UPDATE NO ACTION
) ENGINE=InnoDB AUTO_INCREMENT=3 DEFAULT CHARSET=latin1;
/*!40101 SET character_set_client = @saved_cs_client */;

--
-- Dumping data for table `retiros1`
--

LOCK TABLES `retiros1` WRITE;
/*!40000 ALTER TABLE `retiros1` DISABLE KEYS */;
INSERT INTO `retiros1` VALUES (1,5,'SARAZAS',1,'2014-04-17 17:56:47',24.00,'ACTIVO'),(2,2,'ASDKJASDASDKASLDASD',1,'2014-04-17 18:09:38',16629.00,'ANULADO');
/*!40000 ALTER TABLE `retiros1` ENABLE KEYS */;
UNLOCK TABLES;

--
-- Table structure for table `retiros_detalle_material`
--

DROP TABLE IF EXISTS `retiros_detalle_material`;
/*!40101 SET @saved_cs_client     = @@character_set_client */;
/*!40101 SET character_set_client = utf8 */;
CREATE TABLE `retiros_detalle_material` (
  `ret_codigo` int(10) unsigned NOT NULL,
  `ite_codigo` int(10) unsigned NOT NULL,
  `rdm_cantid` int(10) unsigned DEFAULT NULL,
  `rdm_subtot` float(10,2) DEFAULT NULL,
  `rdm_unitari` float(10,2) DEFAULT NULL,
  `rdm_pagado` varchar(2) DEFAULT 'SI',
  PRIMARY KEY (`ret_codigo`,`ite_codigo`),
  KEY `retiros_has_items_FKIndex1` (`ret_codigo`),
  KEY `retiros_has_items_FKIndex2` (`ite_codigo`),
  CONSTRAINT `retiros_detalle_material_ibfk_1` FOREIGN KEY (`ret_codigo`) REFERENCES `retiros` (`ret_codigo`) ON DELETE NO ACTION ON UPDATE NO ACTION,
  CONSTRAINT `retiros_detalle_material_ibfk_2` FOREIGN KEY (`ite_codigo`) REFERENCES `items` (`ite_codigo`) ON DELETE NO ACTION ON UPDATE NO ACTION
) ENGINE=InnoDB DEFAULT CHARSET=latin1;
/*!40101 SET character_set_client = @saved_cs_client */;

--
-- Dumping data for table `retiros_detalle_material`
--

LOCK TABLES `retiros_detalle_material` WRITE;
/*!40000 ALTER TABLE `retiros_detalle_material` DISABLE KEYS */;
INSERT INTO `retiros_detalle_material` VALUES (1,29,15,120.00,8.00,'NO'),(2,20,2,300.00,150.00,'NO'),(3,1,2,300.00,150.00,'NO'),(4,9,10,970.00,97.00,'NO'),(5,8,5,1500.00,300.00,'SI'),(6,11,5,500.00,100.00,'SI'),(7,29,12,96.00,8.00,'NO'),(8,3,4,160.00,40.00,'SI'),(9,11,12,408.00,34.00,'SI');
/*!40000 ALTER TABLE `retiros_detalle_material` ENABLE KEYS */;
UNLOCK TABLES;

--
-- Table structure for table `retiros_detalle_material1`
--

DROP TABLE IF EXISTS `retiros_detalle_material1`;
/*!40101 SET @saved_cs_client     = @@character_set_client */;
/*!40101 SET character_set_client = utf8 */;
CREATE TABLE `retiros_detalle_material1` (
  `ret_codigo` int(10) unsigned NOT NULL,
  `ite_codigo` int(10) unsigned NOT NULL,
  `rdm_cantid` int(10) unsigned DEFAULT NULL,
  `rdm_subtot` float(10,2) DEFAULT NULL,
  `rdm_unitari` float(10,2) DEFAULT NULL,
  `rdm_pagado` varchar(2) DEFAULT 'SI',
  PRIMARY KEY (`ret_codigo`,`ite_codigo`),
  KEY `retiros_has_items_FKIndex11` (`ret_codigo`),
  KEY `retiros_has_items_FKIndex21` (`ite_codigo`),
  CONSTRAINT `retiros_detalle_material_ibfk_11` FOREIGN KEY (`ret_codigo`) REFERENCES `retiros` (`ret_codigo`) ON DELETE NO ACTION ON UPDATE NO ACTION,
  CONSTRAINT `retiros_detalle_material_ibfk_21` FOREIGN KEY (`ite_codigo`) REFERENCES `items` (`ite_codigo`) ON DELETE NO ACTION ON UPDATE NO ACTION
) ENGINE=InnoDB DEFAULT CHARSET=latin1;
/*!40101 SET character_set_client = @saved_cs_client */;

--
-- Dumping data for table `retiros_detalle_material1`
--

LOCK TABLES `retiros_detalle_material1` WRITE;
/*!40000 ALTER TABLE `retiros_detalle_material1` DISABLE KEYS */;
INSERT INTO `retiros_detalle_material1` VALUES (1,10,213,0.00,0.00,'SI'),(1,29,3,24.00,8.00,'NO'),(2,2,12,24.00,2.00,'SI'),(2,27,123,15129.00,123.00,'SI'),(2,29,12,1476.00,123.00,'SI');
/*!40000 ALTER TABLE `retiros_detalle_material1` ENABLE KEYS */;
UNLOCK TABLES;

--
-- Table structure for table `rubro`
--

DROP TABLE IF EXISTS `rubro`;
/*!40101 SET @saved_cs_client     = @@character_set_client */;
/*!40101 SET character_set_client = utf8 */;
CREATE TABLE `rubro` (
  `rub_codigo` int(10) unsigned NOT NULL AUTO_INCREMENT,
  `rub_descri` varchar(100) DEFAULT NULL,
  `rub_detalle` varchar(2) DEFAULT 'SI',
  `rub_cerrad` varchar(10) DEFAULT 'CERRADO',
  PRIMARY KEY (`rub_codigo`)
) ENGINE=InnoDB AUTO_INCREMENT=19 DEFAULT CHARSET=latin1;
/*!40101 SET character_set_client = @saved_cs_client */;

--
-- Dumping data for table `rubro`
--

LOCK TABLES `rubro` WRITE;
/*!40000 ALTER TABLE `rubro` DISABLE KEYS */;
INSERT INTO `rubro` VALUES (3,'RELLENO','SI','CERRADO'),(4,'HORMIGON V. ENCADENADO INFERIOR','SI','CERRADO'),(5,'HORMIGON VIGAS','SI','CERRADO'),(6,'HORMIGON V. ENCADENADO SUPERIOR','SI','CERRADO'),(7,'HORMIGON ZAPATAS','SI','CERRADO'),(8,'HORMIGON COLUMNAS ESTRUCTURALES','SI','CERRADO'),(9,'LOSA PRENSADA COPA COMPRESION Y LOSAS MACISAS','SI','CERRADO'),(10,'CAPA AISLADORA HORIZONTAL Y VERTICAL','SI','CERRADO'),(11,'CONTRAPISO ','SI','CERRADO'),(12,'MURO DE ELEVACION','SI','CERRADO'),(13,'REVOQUE PAREDES EXTERNAS','SI','CERRADO'),(14,'COLOCACION DE PISO CERAMICO','SI','CERRADO'),(15,'ELECTRICIDAD','NO','ABIERTO'),(16,'SANITARIAS','NO','ABIERTO'),(17,'CIELORRASO','NO','ABIERTO'),(18,'TECHO CHAPA COLOR','NO','ABIERTO');
/*!40000 ALTER TABLE `rubro` ENABLE KEYS */;
UNLOCK TABLES;

--
-- Table structure for table `rubro_detalle`
--

DROP TABLE IF EXISTS `rubro_detalle`;
/*!40101 SET @saved_cs_client     = @@character_set_client */;
/*!40101 SET character_set_client = utf8 */;
CREATE TABLE `rubro_detalle` (
  `ite_codigo` int(10) unsigned NOT NULL,
  `rub_codigo` int(10) unsigned NOT NULL,
  `uni_codigo` int(10) unsigned NOT NULL,
  `rde_cantid` float DEFAULT NULL,
  PRIMARY KEY (`ite_codigo`,`rub_codigo`),
  KEY `items_has_rubro_FKIndex1` (`ite_codigo`),
  KEY `items_has_rubro_FKIndex2` (`rub_codigo`),
  KEY `rubro_detalle_FKIndex3` (`uni_codigo`),
  CONSTRAINT `rubro_detalle_ibfk_1` FOREIGN KEY (`ite_codigo`) REFERENCES `items` (`ite_codigo`) ON DELETE NO ACTION ON UPDATE NO ACTION,
  CONSTRAINT `rubro_detalle_ibfk_2` FOREIGN KEY (`rub_codigo`) REFERENCES `rubro` (`rub_codigo`) ON DELETE NO ACTION ON UPDATE NO ACTION,
  CONSTRAINT `rubro_detalle_ibfk_3` FOREIGN KEY (`uni_codigo`) REFERENCES `unidades` (`uni_codigo`) ON DELETE NO ACTION ON UPDATE NO ACTION
) ENGINE=InnoDB DEFAULT CHARSET=latin1;
/*!40101 SET character_set_client = @saved_cs_client */;

--
-- Dumping data for table `rubro_detalle`
--

LOCK TABLES `rubro_detalle` WRITE;
/*!40000 ALTER TABLE `rubro_detalle` DISABLE KEYS */;
INSERT INTO `rubro_detalle` VALUES (1,13,2,0.13),(2,4,2,0.75),(2,5,2,0.75),(2,6,2,0.75),(2,7,2,0.75),(2,8,2,0.75),(2,9,2,0.75),(2,10,2,0.03),(2,11,2,0.05),(2,12,2,0.32),(2,13,2,0.031),(3,11,19,7.8),(3,12,19,47),(3,13,7,3.1),(4,4,19,300),(4,5,19,300),(4,6,19,300),(4,7,19,300),(4,8,19,300),(4,9,19,300),(4,10,20,5),(4,11,19,4.5),(4,12,19,28),(4,13,7,4.4),(5,4,6,12),(5,5,6,12),(5,6,6,12),(5,7,6,12),(5,8,6,12),(5,9,6,12),(6,4,6,12),(6,5,6,12),(6,6,6,12),(6,9,6,12),(7,3,6,18),(8,4,2,0.75),(8,5,2,0.75),(8,6,2,0.75),(8,7,2,0.75),(8,8,2,0.75),(8,9,2,0.75),(8,11,2,0.076),(9,4,6,12),(9,5,6,12),(9,7,6,12),(10,4,13,1),(10,5,13,1),(10,6,13,1),(10,7,13,1),(10,8,13,1),(11,4,13,1),(11,5,13,1),(11,6,13,1),(11,7,13,1),(11,8,13,1),(11,9,13,1),(12,9,6,1),(13,9,6,1),(14,9,6,1),(15,9,6,1),(16,9,6,1),(17,9,6,1),(18,9,1,2),(19,9,13,1),(20,10,20,0.5),(21,10,13,1),(22,10,21,1),(23,12,3,408),(24,14,19,4.2),(25,14,19,0.2),(26,14,3,1.05),(27,15,3,1),(27,16,3,1),(27,17,3,1),(27,18,3,1),(28,8,6,12);
/*!40000 ALTER TABLE `rubro_detalle` ENABLE KEYS */;
UNLOCK TABLES;

--
-- Table structure for table `unidades`
--

DROP TABLE IF EXISTS `unidades`;
/*!40101 SET @saved_cs_client     = @@character_set_client */;
/*!40101 SET character_set_client = utf8 */;
CREATE TABLE `unidades` (
  `uni_codigo` int(10) unsigned NOT NULL AUTO_INCREMENT,
  `uni_descri` varchar(30) DEFAULT NULL,
  PRIMARY KEY (`uni_codigo`)
) ENGINE=InnoDB AUTO_INCREMENT=23 DEFAULT CHARSET=latin1;
/*!40101 SET character_set_client = @saved_cs_client */;

--
-- Dumping data for table `unidades`
--

LOCK TABLES `unidades` WRITE;
/*!40000 ALTER TABLE `unidades` DISABLE KEYS */;
INSERT INTO `unidades` VALUES (1,'M2'),(2,'M3'),(3,'U'),(4,'BOLSAS'),(5,'BARRAS'),(6,'ML'),(7,'KG'),(8,'CAMIONADAS'),(9,'VIGUETAS'),(10,'MALLAS'),(11,'LADRILLOS'),(12,'PISOS'),(13,' '),(14,'TN'),(15,'BALDE'),(16,'ROLLO'),(17,'LT'),(18,'H/M3'),(19,'KG/M3'),(20,'KG/M2'),(21,'LT/M2'),(22,'MTS');
/*!40000 ALTER TABLE `unidades` ENABLE KEYS */;
UNLOCK TABLES;

--
-- Table structure for table `usuarios`
--

DROP TABLE IF EXISTS `usuarios`;
/*!40101 SET @saved_cs_client     = @@character_set_client */;
/*!40101 SET character_set_client = utf8 */;
CREATE TABLE `usuarios` (
  `usu_codigo` int(10) unsigned NOT NULL AUTO_INCREMENT,
  `usu_usuari` varchar(30) DEFAULT NULL,
  `usu_contra` mediumtext,
  `usu_estado` varchar(15) DEFAULT NULL,
  PRIMARY KEY (`usu_codigo`)
) ENGINE=InnoDB AUTO_INCREMENT=2 DEFAULT CHARSET=latin1;
/*!40101 SET character_set_client = @saved_cs_client */;

--
-- Dumping data for table `usuarios`
--

LOCK TABLES `usuarios` WRITE;
/*!40000 ALTER TABLE `usuarios` DISABLE KEYS */;
INSERT INTO `usuarios` VALUES (1,'admin','21232f297a57a5a743894a0e4a801fc3','ACTIVO');
/*!40000 ALTER TABLE `usuarios` ENABLE KEYS */;
UNLOCK TABLES;

--
-- Dumping routines for database 'ambiente'
--
/*!50003 DROP PROCEDURE IF EXISTS `abm_cliente` */;
/*!50003 SET @saved_cs_client      = @@character_set_client */ ;
/*!50003 SET @saved_cs_results     = @@character_set_results */ ;
/*!50003 SET @saved_col_connection = @@collation_connection */ ;
/*!50003 SET character_set_client  = utf8 */ ;
/*!50003 SET character_set_results = utf8 */ ;
/*!50003 SET collation_connection  = utf8_general_ci */ ;
/*!50003 SET @saved_sql_mode       = @@sql_mode */ ;
/*!50003 SET sql_mode              = '' */ ;
DELIMITER ;;
/*!50003 CREATE*/ /*!50020 DEFINER=`root`@`localhost`*/ /*!50003 PROCEDURE `abm_cliente`(IN ope INT, IN codigo INT, IN nombre VARCHAR(50), IN domici VARCHAR(30), IN telefo VARCHAR(30))
BEGIN
	IF ope = 1 THEN
		INSERT INTO cliente (cli_codigo,cli_nomape,cli_domici,cli_telefo) VALUES (codigo,nombre,domici,telefo);
	ELSE IF ope = 2 THEN
		DELETE FROM cliente WHERE cli_codigo = codigo;
	ELSE IF ope = 3 THEN
		UPDATE cliente SET cli_nomape = nombre, cli_telefo = telefo, cli_domici = domici WHERE cli_codigo = codigo;
	END IF;
	END IF;
	END IF;
    END */;;
DELIMITER ;
/*!50003 SET sql_mode              = @saved_sql_mode */ ;
/*!50003 SET character_set_client  = @saved_cs_client */ ;
/*!50003 SET character_set_results = @saved_cs_results */ ;
/*!50003 SET collation_connection  = @saved_col_connection */ ;
/*!50003 DROP PROCEDURE IF EXISTS `abm_items` */;
/*!50003 SET @saved_cs_client      = @@character_set_client */ ;
/*!50003 SET @saved_cs_results     = @@character_set_results */ ;
/*!50003 SET @saved_col_connection = @@collation_connection */ ;
/*!50003 SET character_set_client  = utf8 */ ;
/*!50003 SET character_set_results = utf8 */ ;
/*!50003 SET collation_connection  = utf8_general_ci */ ;
/*!50003 SET @saved_sql_mode       = @@sql_mode */ ;
/*!50003 SET sql_mode              = '' */ ;
DELIMITER ;;
/*!50003 CREATE*/ /*!50020 DEFINER=`root`@`localhost`*/ /*!50003 PROCEDURE `abm_items`(IN ope INT, IN codigo INT, IN descri VARCHAR(30),in uni int,in precio float(10.2),IN uni1 int, in medcom float(10.2))
BEGIN
	IF ope = 1 THEN
		INSERT INTO items (ite_codigo,ite_descri,uni_codigo,ite_costo,uni_precom,ite_medcom) VALUES (codigo,descri,uni,precio,uni1,medcom);
	ELSE IF ope = 2 THEN
		delete from items WHERE ite_codigo = codigo;
	ELSE IF ope = 3 THEN
		UPDATE items SET ite_descri = descri,uni_codigo = uni,ite_costo = precio,uni_precom = uni1,ite_medcom = medcom wHERE ite_codigo = codigo;
	END IF;
	END IF;
	END IF;
    END */;;
DELIMITER ;
/*!50003 SET sql_mode              = @saved_sql_mode */ ;
/*!50003 SET character_set_client  = @saved_cs_client */ ;
/*!50003 SET character_set_results = @saved_cs_results */ ;
/*!50003 SET collation_connection  = @saved_col_connection */ ;
/*!50003 DROP PROCEDURE IF EXISTS `abm_mdo` */;
/*!50003 SET @saved_cs_client      = @@character_set_client */ ;
/*!50003 SET @saved_cs_results     = @@character_set_results */ ;
/*!50003 SET @saved_col_connection = @@collation_connection */ ;
/*!50003 SET character_set_client  = utf8 */ ;
/*!50003 SET character_set_results = utf8 */ ;
/*!50003 SET collation_connection  = utf8_general_ci */ ;
/*!50003 SET @saved_sql_mode       = @@sql_mode */ ;
/*!50003 SET sql_mode              = '' */ ;
DELIMITER ;;
/*!50003 CREATE*/ /*!50020 DEFINER=`root`@`localhost`*/ /*!50003 PROCEDURE `abm_mdo`(IN ope INT, IN codigo INT, IN descri VARCHAR(30),in uni int)
BEGIN
	IF ope = 1 THEN
		INSERT INTO mano_de_obra (mdo_codigo,mdo_descri,uni_codigo) VALUES (codigo,descri,uni);
	ELSE IF ope = 2 THEN
		delete from mano_de_obra WHERE mdo_codigo = codigo;
	ELSE IF ope = 3 THEN
		UPDATE mano_de_obra SET mdo_descri = descri,uni_codigo = uni wHERE mdo_codigo = codigo;
	END IF;
	END IF;
	END IF;
    END */;;
DELIMITER ;
/*!50003 SET sql_mode              = @saved_sql_mode */ ;
/*!50003 SET character_set_client  = @saved_cs_client */ ;
/*!50003 SET character_set_results = @saved_cs_results */ ;
/*!50003 SET collation_connection  = @saved_col_connection */ ;
/*!50003 DROP PROCEDURE IF EXISTS `abm_proveedor` */;
/*!50003 SET @saved_cs_client      = @@character_set_client */ ;
/*!50003 SET @saved_cs_results     = @@character_set_results */ ;
/*!50003 SET @saved_col_connection = @@collation_connection */ ;
/*!50003 SET character_set_client  = utf8 */ ;
/*!50003 SET character_set_results = utf8 */ ;
/*!50003 SET collation_connection  = utf8_general_ci */ ;
/*!50003 SET @saved_sql_mode       = @@sql_mode */ ;
/*!50003 SET sql_mode              = '' */ ;
DELIMITER ;;
/*!50003 CREATE*/ /*!50020 DEFINER=`root`@`localhost`*/ /*!50003 PROCEDURE `abm_proveedor`(IN ope INT, IN codigo INT, IN nombre VARCHAR(30), IN telefo VARCHAR(30), in domici varchar(50))
BEGIN
	IF ope = 1 THEN
		INSERT INTO proveedor (pro_codigo,pro_nombre,pro_telefo,pro_domici) VALUES (codigo,nombre,telefo,domici);
	ELSE IF ope = 2 THEN
		delete from proveedor where pro_codigo = codigo;
	ELSE IF ope = 3 THEN
		UPDATE proveedor SET pro_nombre = nombre, pro_telefo = telefo, pro_domici = domici WHERE pro_codigo = codigo;
	END IF;
	END IF;
	END IF;
    END */;;
DELIMITER ;
/*!50003 SET sql_mode              = @saved_sql_mode */ ;
/*!50003 SET character_set_client  = @saved_cs_client */ ;
/*!50003 SET character_set_results = @saved_cs_results */ ;
/*!50003 SET collation_connection  = @saved_col_connection */ ;
/*!50003 DROP PROCEDURE IF EXISTS `abm_unidades` */;
/*!50003 SET @saved_cs_client      = @@character_set_client */ ;
/*!50003 SET @saved_cs_results     = @@character_set_results */ ;
/*!50003 SET @saved_col_connection = @@collation_connection */ ;
/*!50003 SET character_set_client  = utf8 */ ;
/*!50003 SET character_set_results = utf8 */ ;
/*!50003 SET collation_connection  = utf8_general_ci */ ;
/*!50003 SET @saved_sql_mode       = @@sql_mode */ ;
/*!50003 SET sql_mode              = '' */ ;
DELIMITER ;;
/*!50003 CREATE*/ /*!50020 DEFINER=`root`@`localhost`*/ /*!50003 PROCEDURE `abm_unidades`(IN ope INT, IN codigo INT, IN descri VARCHAR(30))
BEGIN
	IF ope = 1 THEN
		INSERT INTO unidades (uni_codigo,uni_descri) VALUES (codigo,descri);
	ELSE IF ope = 2 THEN
		delete from unidades WHERE uni_codigo = codigo;
	ELSE IF ope = 3 THEN
		UPDATE unidades SET uni_descri = descri wHERE uni_codigo = codigo;
	END IF;
	END IF;
	END IF;
    END */;;
DELIMITER ;
/*!50003 SET sql_mode              = @saved_sql_mode */ ;
/*!50003 SET character_set_client  = @saved_cs_client */ ;
/*!50003 SET character_set_results = @saved_cs_results */ ;
/*!50003 SET collation_connection  = @saved_col_connection */ ;
/*!40103 SET TIME_ZONE=@OLD_TIME_ZONE */;

/*!40101 SET SQL_MODE=@OLD_SQL_MODE */;
/*!40014 SET FOREIGN_KEY_CHECKS=@OLD_FOREIGN_KEY_CHECKS */;
/*!40014 SET UNIQUE_CHECKS=@OLD_UNIQUE_CHECKS */;
/*!40101 SET CHARACTER_SET_CLIENT=@OLD_CHARACTER_SET_CLIENT */;
/*!40101 SET CHARACTER_SET_RESULTS=@OLD_CHARACTER_SET_RESULTS */;
/*!40101 SET COLLATION_CONNECTION=@OLD_COLLATION_CONNECTION */;
/*!40111 SET SQL_NOTES=@OLD_SQL_NOTES */;

-- Dump completed on 2014-04-23  8:57:37
